Dataset,Model,Datafraction,Score,Filename
mb-atmospheric_dust_cls_rdr,dinov1_b8,0.01,94.4,mb-atmospheric_dust_cls_rdr_dinov1_b8_frac0.01x_lr0.0001_concat_3.log
mb-atmospheric_dust_cls_rdr,dinov1_b8,0.01,95.22,mb-atmospheric_dust_cls_rdr_dinov1_b8_frac0.01x_lr0.001_concat_3.log
mb-atmospheric_dust_cls_rdr,dinov1_b8,0.01,69.01,mb-atmospheric_dust_cls_rdr_dinov1_b8_frac0.01x_lr1e-05_concat_3.log
mb-atmospheric_dust_cls_rdr,dinov1_b8,0.05,96.05,mb-atmospheric_dust_cls_rdr_dinov1_b8_frac0.05x_lr0.0001_concat_3.log
mb-atmospheric_dust_cls_rdr,dinov1_b8,0.05,95.24,mb-atmospheric_dust_cls_rdr_dinov1_b8_frac0.05x_lr0.001_concat_3.log
mb-atmospheric_dust_cls_rdr,dinov1_b8,0.05,92.77,mb-atmospheric_dust_cls_rdr_dinov1_b8_frac0.05x_lr1e-05_concat_3.log
mb-atmospheric_dust_cls_rdr,dinov1_b8,0.20,95.86,mb-atmospheric_dust_cls_rdr_dinov1_b8_frac0.20x_lr0.0001_concat_3.log
mb-atmospheric_dust_cls_rdr,dinov1_b8,0.20,95.74,mb-atmospheric_dust_cls_rdr_dinov1_b8_frac0.20x_lr0.001_concat_3.log
mb-atmospheric_dust_cls_rdr,dinov1_b8,0.20,95.9,mb-atmospheric_dust_cls_rdr_dinov1_b8_frac0.20x_lr1e-05_concat_3.log
mb-atmospheric_dust_cls_rdr,dinov1_b8,0.50,95.76,mb-atmospheric_dust_cls_rdr_dinov1_b8_frac0.50x_lr0.0001_concat_3.log
mb-atmospheric_dust_cls_rdr,dinov1_b8,0.50,95.59,mb-atmospheric_dust_cls_rdr_dinov1_b8_frac0.50x_lr0.001_concat_3.log
mb-atmospheric_dust_cls_rdr,dinov1_b8,0.50,95.67,mb-atmospheric_dust_cls_rdr_dinov1_b8_frac0.50x_lr1e-05_concat_3.log
mb-atmospheric_dust_cls_rdr,dinov1_b8,full,96.09,mb-atmospheric_dust_cls_rdr_dinov1_b8_lr0.0001_concat_3.log
mb-atmospheric_dust_cls_rdr,dinov1_b8,full,95.82,mb-atmospheric_dust_cls_rdr_dinov1_b8_lr0.001_concat_3.log
mb-atmospheric_dust_cls_rdr,dinov1_b8,full,95.74,mb-atmospheric_dust_cls_rdr_dinov1_b8_lr0.01_concat_3.log
mb-atmospheric_dust_cls_rdr,dinov2_l14,0.01,88.55,mb-atmospheric_dust_cls_rdr_dinov2_l14_frac0.01x_lr0.0001_concat_3.log
mb-atmospheric_dust_cls_rdr,dinov2_l14,0.01,92.92,mb-atmospheric_dust_cls_rdr_dinov2_l14_frac0.01x_lr0.001_concat_3.log
mb-atmospheric_dust_cls_rdr,dinov2_l14,0.01,46.45,mb-atmospheric_dust_cls_rdr_dinov2_l14_frac0.01x_lr1e-05_concat_3.log
mb-atmospheric_dust_cls_rdr,dinov2_l14,0.05,94.11,mb-atmospheric_dust_cls_rdr_dinov2_l14_frac0.05x_lr0.0001_concat_3.log
mb-atmospheric_dust_cls_rdr,dinov2_l14,0.05,95.61,mb-atmospheric_dust_cls_rdr_dinov2_l14_frac0.05x_lr0.001_concat_3.log
mb-atmospheric_dust_cls_rdr,dinov2_l14,0.05,90.62,mb-atmospheric_dust_cls_rdr_dinov2_l14_frac0.05x_lr1e-05_concat_3.log
mb-atmospheric_dust_cls_rdr,dinov2_l14,0.20,95.01,mb-atmospheric_dust_cls_rdr_dinov2_l14_frac0.20x_lr0.0001_concat_3.log
mb-atmospheric_dust_cls_rdr,dinov2_l14,0.20,95.61,mb-atmospheric_dust_cls_rdr_dinov2_l14_frac0.20x_lr0.001_concat_3.log
mb-atmospheric_dust_cls_rdr,dinov2_l14,0.20,94.09,mb-atmospheric_dust_cls_rdr_dinov2_l14_frac0.20x_lr1e-05_concat_3.log
mb-atmospheric_dust_cls_rdr,dinov2_l14,0.50,95.34,mb-atmospheric_dust_cls_rdr_dinov2_l14_frac0.50x_lr0.0001_concat_3.log
mb-atmospheric_dust_cls_rdr,dinov2_l14,0.50,95.61,mb-atmospheric_dust_cls_rdr_dinov2_l14_frac0.50x_lr0.001_concat_3.log
mb-atmospheric_dust_cls_rdr,dinov2_l14,0.50,94.88,mb-atmospheric_dust_cls_rdr_dinov2_l14_frac0.50x_lr1e-05_concat_3.log
mb-atmospheric_dust_cls_rdr,dinov2_l14,full,98.58,mb-atmospheric_dust_cls_rdr_dinov2_l14_lr0.0001_concat_3.log
mb-atmospheric_dust_cls_rdr,dinov2_l14,full,98.68,mb-atmospheric_dust_cls_rdr_dinov2_l14_lr0.001_concat_3.log
mb-atmospheric_dust_cls_rdr,dinov2_l14,full,98.41,mb-atmospheric_dust_cls_rdr_dinov2_l14_lr0.01_concat_3.log
mb-atmospheric_dust_cls_rdr,dinov3_lvd_1cha,0.01,96.85,mb-atmospheric_dust_cls_rdr_dinov3_lvd_1cha_frac0.01x_lr0.0001_concat_3.log
mb-atmospheric_dust_cls_rdr,dinov3_lvd_1cha,0.01,97.6,mb-atmospheric_dust_cls_rdr_dinov3_lvd_1cha_frac0.01x_lr0.001_concat_3.log
mb-atmospheric_dust_cls_rdr,dinov3_lvd_1cha,0.01,88.74,mb-atmospheric_dust_cls_rdr_dinov3_lvd_1cha_frac0.01x_lr1e-05_concat_3.log
mb-atmospheric_dust_cls_rdr,dinov3_lvd_1cha,0.05,97.87,mb-atmospheric_dust_cls_rdr_dinov3_lvd_1cha_frac0.05x_lr0.0001_concat_3.log
mb-atmospheric_dust_cls_rdr,dinov3_lvd_1cha,0.05,97.81,mb-atmospheric_dust_cls_rdr_dinov3_lvd_1cha_frac0.05x_lr0.001_concat_3.log
mb-atmospheric_dust_cls_rdr,dinov3_lvd_1cha,0.05,96.3,mb-atmospheric_dust_cls_rdr_dinov3_lvd_1cha_frac0.05x_lr1e-05_concat_3.log
mb-atmospheric_dust_cls_rdr,dinov3_lvd_1cha,0.20,98.06,mb-atmospheric_dust_cls_rdr_dinov3_lvd_1cha_frac0.20x_lr0.0001_concat_3.log
mb-atmospheric_dust_cls_rdr,dinov3_lvd_1cha,0.20,97.81,mb-atmospheric_dust_cls_rdr_dinov3_lvd_1cha_frac0.20x_lr0.001_concat_3.log
mb-atmospheric_dust_cls_rdr,dinov3_lvd_1cha,0.20,97.79,mb-atmospheric_dust_cls_rdr_dinov3_lvd_1cha_frac0.20x_lr1e-05_concat_3.log
mb-atmospheric_dust_cls_rdr,dinov3_lvd_1cha,0.50,98.1,mb-atmospheric_dust_cls_rdr_dinov3_lvd_1cha_frac0.50x_lr0.0001_concat_3.log
mb-atmospheric_dust_cls_rdr,dinov3_lvd_1cha,0.50,97.64,mb-atmospheric_dust_cls_rdr_dinov3_lvd_1cha_frac0.50x_lr0.001_concat_3.log
mb-atmospheric_dust_cls_rdr,dinov3_lvd_1cha,0.50,98.27,mb-atmospheric_dust_cls_rdr_dinov3_lvd_1cha_frac0.50x_lr1e-05_concat_3.log
mb-atmospheric_dust_cls_rdr,dinov3_lvd_1cha,full,98.18,mb-atmospheric_dust_cls_rdr_dinov3_lvd_1cha_lr0.0001_concat_3.log
mb-atmospheric_dust_cls_rdr,dinov3_lvd_1cha,full,97.91,mb-atmospheric_dust_cls_rdr_dinov3_lvd_1cha_lr0.001_concat_3.log
mb-atmospheric_dust_cls_rdr,dinov3_lvd_1cha,full,96.89,mb-atmospheric_dust_cls_rdr_dinov3_lvd_1cha_lr0.01_concat_3.log
mb-atmospheric_dust_cls_rdr,dinov3_lvd,0.01,95.99,mb-atmospheric_dust_cls_rdr_dinov3_lvd_frac0.01x_lr0.0001_concat_3.log
mb-atmospheric_dust_cls_rdr,dinov3_lvd,0.01,97.16,mb-atmospheric_dust_cls_rdr_dinov3_lvd_frac0.01x_lr0.001_concat_3.log
mb-atmospheric_dust_cls_rdr,dinov3_lvd,0.01,75.53,mb-atmospheric_dust_cls_rdr_dinov3_lvd_frac0.01x_lr1e-05_concat_3.log
mb-atmospheric_dust_cls_rdr,dinov3_lvd,0.05,97.47,mb-atmospheric_dust_cls_rdr_dinov3_lvd_frac0.05x_lr0.0001_concat_3.log
mb-atmospheric_dust_cls_rdr,dinov3_lvd,0.05,97.87,mb-atmospheric_dust_cls_rdr_dinov3_lvd_frac0.05x_lr0.001_concat_3.log
mb-atmospheric_dust_cls_rdr,dinov3_lvd,0.05,96.64,mb-atmospheric_dust_cls_rdr_dinov3_lvd_frac0.05x_lr1e-05_concat_3.log
mb-atmospheric_dust_cls_rdr,dinov3_lvd,0.20,97.62,mb-atmospheric_dust_cls_rdr_dinov3_lvd_frac0.20x_lr0.0001_concat_3.log
mb-atmospheric_dust_cls_rdr,dinov3_lvd,0.20,98.06,mb-atmospheric_dust_cls_rdr_dinov3_lvd_frac0.20x_lr0.001_concat_3.log
mb-atmospheric_dust_cls_rdr,dinov3_lvd,0.20,97.35,mb-atmospheric_dust_cls_rdr_dinov3_lvd_frac0.20x_lr1e-05_concat_3.log
mb-atmospheric_dust_cls_rdr,dinov3_lvd,0.50,97.74,mb-atmospheric_dust_cls_rdr_dinov3_lvd_frac0.50x_lr0.0001_concat_3.log
mb-atmospheric_dust_cls_rdr,dinov3_lvd,0.50,97.66,mb-atmospheric_dust_cls_rdr_dinov3_lvd_frac0.50x_lr0.001_concat_3.log
mb-atmospheric_dust_cls_rdr,dinov3_lvd,0.50,97.58,mb-atmospheric_dust_cls_rdr_dinov3_lvd_frac0.50x_lr1e-05_concat_3.log
mb-atmospheric_dust_cls_rdr,dinov3_lvd,full,97.64,mb-atmospheric_dust_cls_rdr_dinov3_lvd_lr0.0001_concat_3.log
mb-atmospheric_dust_cls_rdr,dinov3_lvd,full,97.78,mb-atmospheric_dust_cls_rdr_dinov3_lvd_lr0.001_concat_3.log
mb-atmospheric_dust_cls_rdr,dinov3_lvd,full,96.28,mb-atmospheric_dust_cls_rdr_dinov3_lvd_lr0.01_concat_3.log
mb-atmospheric_dust_cls_rdr,dinov3_sat_1cha,0.01,96.07,mb-atmospheric_dust_cls_rdr_dinov3_sat_1cha_frac0.01x_lr0.0001_concat_3.log
mb-atmospheric_dust_cls_rdr,dinov3_sat_1cha,0.01,96.39,mb-atmospheric_dust_cls_rdr_dinov3_sat_1cha_frac0.01x_lr0.001_concat_3.log
mb-atmospheric_dust_cls_rdr,dinov3_sat_1cha,0.01,75.76,mb-atmospheric_dust_cls_rdr_dinov3_sat_1cha_frac0.01x_lr1e-05_concat_3.log
mb-atmospheric_dust_cls_rdr,dinov3_sat_1cha,0.05,97.2,mb-atmospheric_dust_cls_rdr_dinov3_sat_1cha_frac0.05x_lr0.0001_concat_3.log
mb-atmospheric_dust_cls_rdr,dinov3_sat_1cha,0.05,97.22,mb-atmospheric_dust_cls_rdr_dinov3_sat_1cha_frac0.05x_lr0.001_concat_3.log
mb-atmospheric_dust_cls_rdr,dinov3_sat_1cha,0.05,96.78,mb-atmospheric_dust_cls_rdr_dinov3_sat_1cha_frac0.05x_lr1e-05_concat_3.log
mb-atmospheric_dust_cls_rdr,dinov3_sat_1cha,0.20,97.2,mb-atmospheric_dust_cls_rdr_dinov3_sat_1cha_frac0.20x_lr0.0001_concat_3.log
mb-atmospheric_dust_cls_rdr,dinov3_sat_1cha,0.20,97.14,mb-atmospheric_dust_cls_rdr_dinov3_sat_1cha_frac0.20x_lr0.001_concat_3.log
mb-atmospheric_dust_cls_rdr,dinov3_sat_1cha,0.20,96.82,mb-atmospheric_dust_cls_rdr_dinov3_sat_1cha_frac0.20x_lr1e-05_concat_3.log
mb-atmospheric_dust_cls_rdr,dinov3_sat_1cha,0.50,97.14,mb-atmospheric_dust_cls_rdr_dinov3_sat_1cha_frac0.50x_lr0.0001_concat_3.log
mb-atmospheric_dust_cls_rdr,dinov3_sat_1cha,0.50,96.36,mb-atmospheric_dust_cls_rdr_dinov3_sat_1cha_frac0.50x_lr0.001_concat_3.log
mb-atmospheric_dust_cls_rdr,dinov3_sat_1cha,0.50,97.22,mb-atmospheric_dust_cls_rdr_dinov3_sat_1cha_frac0.50x_lr1e-05_concat_3.log
mb-atmospheric_dust_cls_rdr,dinov3_sat_1cha,full,97.18,mb-atmospheric_dust_cls_rdr_dinov3_sat_1cha_lr0.0001_concat_3.log
mb-atmospheric_dust_cls_rdr,dinov3_sat_1cha,full,96.62,mb-atmospheric_dust_cls_rdr_dinov3_sat_1cha_lr0.001_concat_3.log
mb-atmospheric_dust_cls_rdr,dinov3_sat_1cha,full,96.26,mb-atmospheric_dust_cls_rdr_dinov3_sat_1cha_lr0.01_concat_3.log
mb-atmospheric_dust_cls_rdr,dinov3_sat,0.01,98.14,mb-atmospheric_dust_cls_rdr_dinov3_sat_frac0.01x_lr0.0001_concat_3.log
mb-atmospheric_dust_cls_rdr,dinov3_sat,0.01,97.95,mb-atmospheric_dust_cls_rdr_dinov3_sat_frac0.01x_lr0.001_concat_3.log
mb-atmospheric_dust_cls_rdr,dinov3_sat,0.01,72.73,mb-atmospheric_dust_cls_rdr_dinov3_sat_frac0.01x_lr1e-05_concat_3.log
mb-atmospheric_dust_cls_rdr,dinov3_sat,0.05,98.24,mb-atmospheric_dust_cls_rdr_dinov3_sat_frac0.05x_lr0.0001_concat_3.log
mb-atmospheric_dust_cls_rdr,dinov3_sat,0.05,98.04,mb-atmospheric_dust_cls_rdr_dinov3_sat_frac0.05x_lr0.001_concat_3.log
mb-atmospheric_dust_cls_rdr,dinov3_sat,0.05,97.28,mb-atmospheric_dust_cls_rdr_dinov3_sat_frac0.05x_lr1e-05_concat_3.log
mb-atmospheric_dust_cls_rdr,dinov3_sat,0.20,97.97,mb-atmospheric_dust_cls_rdr_dinov3_sat_frac0.20x_lr0.0001_concat_3.log
mb-atmospheric_dust_cls_rdr,dinov3_sat,0.20,97.89,mb-atmospheric_dust_cls_rdr_dinov3_sat_frac0.20x_lr0.001_concat_3.log
mb-atmospheric_dust_cls_rdr,dinov3_sat,0.20,98.14,mb-atmospheric_dust_cls_rdr_dinov3_sat_frac0.20x_lr1e-05_concat_3.log
mb-atmospheric_dust_cls_rdr,dinov3_sat,0.50,98.37,mb-atmospheric_dust_cls_rdr_dinov3_sat_frac0.50x_lr0.0001_concat_3.log
mb-atmospheric_dust_cls_rdr,dinov3_sat,0.50,97.47,mb-atmospheric_dust_cls_rdr_dinov3_sat_frac0.50x_lr0.001_concat_3.log
mb-atmospheric_dust_cls_rdr,dinov3_sat,0.50,97.74,mb-atmospheric_dust_cls_rdr_dinov3_sat_frac0.50x_lr1e-05_concat_3.log
mb-atmospheric_dust_cls_rdr,dinov3_sat,full,98.29,mb-atmospheric_dust_cls_rdr_dinov3_sat_lr0.0001_concat_3.log
mb-atmospheric_dust_cls_rdr,dinov3_sat,full,97.76,mb-atmospheric_dust_cls_rdr_dinov3_sat_lr0.001_concat_3.log
mb-atmospheric_dust_cls_rdr,dinov3_sat,full,97.33,mb-atmospheric_dust_cls_rdr_dinov3_sat_lr0.01_concat_3.log
mb-atmospheric_dust_cls_rdr,mars_mae,0.01,88.03,mb-atmospheric_dust_cls_rdr_mars_mae_frac0.01x_lr0.0001_concat_3.log
mb-atmospheric_dust_cls_rdr,mars_mae,0.01,92.6,mb-atmospheric_dust_cls_rdr_mars_mae_frac0.01x_lr0.001_concat_3.log
mb-atmospheric_dust_cls_rdr,mars_mae,0.01,70.98,mb-atmospheric_dust_cls_rdr_mars_mae_frac0.01x_lr1e-05_concat_3.log
mb-atmospheric_dust_cls_rdr,mars_mae,0.05,93.17,mb-atmospheric_dust_cls_rdr_mars_mae_frac0.05x_lr0.0001_concat_3.log
mb-atmospheric_dust_cls_rdr,mars_mae,0.05,94.74,mb-atmospheric_dust_cls_rdr_mars_mae_frac0.05x_lr0.001_concat_3.log
mb-atmospheric_dust_cls_rdr,mars_mae,0.05,89.66,mb-atmospheric_dust_cls_rdr_mars_mae_frac0.05x_lr1e-05_concat_3.log
mb-atmospheric_dust_cls_rdr,mars_mae,0.20,94.38,mb-atmospheric_dust_cls_rdr_mars_mae_frac0.20x_lr0.0001_concat_3.log
mb-atmospheric_dust_cls_rdr,mars_mae,0.20,94.86,mb-atmospheric_dust_cls_rdr_mars_mae_frac0.20x_lr0.001_concat_3.log
mb-atmospheric_dust_cls_rdr,mars_mae,0.20,92.46,mb-atmospheric_dust_cls_rdr_mars_mae_frac0.20x_lr1e-05_concat_3.log
mb-atmospheric_dust_cls_rdr,mars_mae,0.50,94.73,mb-atmospheric_dust_cls_rdr_mars_mae_frac0.50x_lr0.0001_concat_3.log
mb-atmospheric_dust_cls_rdr,mars_mae,0.50,95.45,mb-atmospheric_dust_cls_rdr_mars_mae_frac0.50x_lr0.001_concat_3.log
mb-atmospheric_dust_cls_rdr,mars_mae,0.50,93.54,mb-atmospheric_dust_cls_rdr_mars_mae_frac0.50x_lr1e-05_concat_3.log
mb-atmospheric_dust_cls_rdr,mars_mae,full,94.57,mb-atmospheric_dust_cls_rdr_mars_mae_lr0.0001_concat_3.log
mb-atmospheric_dust_cls_rdr,mars_mae,full,94.71,mb-atmospheric_dust_cls_rdr_mars_mae_lr0.001_concat_3.log
mb-atmospheric_dust_cls_rdr,mars_mae,full,95.15,mb-atmospheric_dust_cls_rdr_mars_mae_lr0.01_concat_3.log
mb-atmospheric_dust_cls_rdr,openclip,0.01,80.71,mb-atmospheric_dust_cls_rdr_openclip_frac0.01x_lr0.0001_concat_3.log
mb-atmospheric_dust_cls_rdr,openclip,0.01,92.41,mb-atmospheric_dust_cls_rdr_openclip_frac0.01x_lr0.001_concat_3.log
mb-atmospheric_dust_cls_rdr,openclip,0.01,87.9,mb-atmospheric_dust_cls_rdr_openclip_frac0.01x_lr1e-05_concat_3.log
mb-atmospheric_dust_cls_rdr,openclip,0.05,96.36,mb-atmospheric_dust_cls_rdr_openclip_frac0.05x_lr0.0001_concat_3.log
mb-atmospheric_dust_cls_rdr,openclip,0.05,96.97,mb-atmospheric_dust_cls_rdr_openclip_frac0.05x_lr0.001_concat_3.log
mb-atmospheric_dust_cls_rdr,openclip,0.05,85.44,mb-atmospheric_dust_cls_rdr_openclip_frac0.05x_lr1e-05_concat_3.log
mb-atmospheric_dust_cls_rdr,openclip,0.20,96.66,mb-atmospheric_dust_cls_rdr_openclip_frac0.20x_lr0.0001_concat_3.log
mb-atmospheric_dust_cls_rdr,openclip,0.20,96.93,mb-atmospheric_dust_cls_rdr_openclip_frac0.20x_lr0.001_concat_3.log
mb-atmospheric_dust_cls_rdr,openclip,0.20,94.07,mb-atmospheric_dust_cls_rdr_openclip_frac0.20x_lr1e-05_concat_3.log
mb-atmospheric_dust_cls_rdr,openclip,0.50,96.55,mb-atmospheric_dust_cls_rdr_openclip_frac0.50x_lr0.0001_concat_3.log
mb-atmospheric_dust_cls_rdr,openclip,0.50,96.59,mb-atmospheric_dust_cls_rdr_openclip_frac0.50x_lr0.001_concat_3.log
mb-atmospheric_dust_cls_rdr,openclip,0.50,94.48,mb-atmospheric_dust_cls_rdr_openclip_frac0.50x_lr1e-05_concat_3.log
mb-atmospheric_dust_cls_rdr,openclip,full,96.36,mb-atmospheric_dust_cls_rdr_openclip_lr0.0001_concat_3.log
mb-atmospheric_dust_cls_rdr,openclip,full,96.64,mb-atmospheric_dust_cls_rdr_openclip_lr0.001_concat_3.log
mb-atmospheric_dust_cls_rdr,openclip,full,97.26,mb-atmospheric_dust_cls_rdr_openclip_lr0.01_concat_3.log
mb-atmospheric_dust_cls_rdr,satmae,0.01,87.17,mb-atmospheric_dust_cls_rdr_satmae_frac0.01x_lr0.0001_concat_3.log
mb-atmospheric_dust_cls_rdr,satmae,0.01,92.16,mb-atmospheric_dust_cls_rdr_satmae_frac0.01x_lr0.001_concat_3.log
mb-atmospheric_dust_cls_rdr,satmae,0.01,75.2,mb-atmospheric_dust_cls_rdr_satmae_frac0.01x_lr1e-05_concat_3.log
mb-atmospheric_dust_cls_rdr,satmae,0.05,92.04,mb-atmospheric_dust_cls_rdr_satmae_frac0.05x_lr0.0001_concat_3.log
mb-atmospheric_dust_cls_rdr,satmae,0.05,94.3,mb-atmospheric_dust_cls_rdr_satmae_frac0.05x_lr0.001_concat_3.log
mb-atmospheric_dust_cls_rdr,satmae,0.05,89.43,mb-atmospheric_dust_cls_rdr_satmae_frac0.05x_lr1e-05_concat_3.log
mb-atmospheric_dust_cls_rdr,satmae,0.20,94.48,mb-atmospheric_dust_cls_rdr_satmae_frac0.20x_lr0.0001_concat_3.log
mb-atmospheric_dust_cls_rdr,satmae,0.20,95.84,mb-atmospheric_dust_cls_rdr_satmae_frac0.20x_lr0.001_concat_3.log
mb-atmospheric_dust_cls_rdr,satmae,0.20,91.68,mb-atmospheric_dust_cls_rdr_satmae_frac0.20x_lr1e-05_concat_3.log
mb-atmospheric_dust_cls_rdr,satmae,0.50,95.19,mb-atmospheric_dust_cls_rdr_satmae_frac0.50x_lr0.0001_concat_3.log
mb-atmospheric_dust_cls_rdr,satmae,0.50,96.14,mb-atmospheric_dust_cls_rdr_satmae_frac0.50x_lr0.001_concat_3.log
mb-atmospheric_dust_cls_rdr,satmae,0.50,93.25,mb-atmospheric_dust_cls_rdr_satmae_frac0.50x_lr1e-05_concat_3.log
mb-atmospheric_dust_cls_rdr,satmae,full,94.73,mb-atmospheric_dust_cls_rdr_satmae_lr0.0001_concat_3.log
mb-atmospheric_dust_cls_rdr,satmae,full,95.26,mb-atmospheric_dust_cls_rdr_satmae_lr0.001_concat_3.log
mb-atmospheric_dust_cls_rdr,satmae,full,95.99,mb-atmospheric_dust_cls_rdr_satmae_lr0.01_concat_3.log
mb-atmospheric_dust_cls_rdr,scale_mae,full,91.12,mb-atmospheric_dust_cls_rdr_scale_mae_lr0.0001_concat_3.log
mb-atmospheric_dust_cls_rdr,scale_mae,full,92.1,mb-atmospheric_dust_cls_rdr_scale_mae_lr0.001_concat_3.log
mb-atmospheric_dust_cls_rdr,scale_mae,full,92.44,mb-atmospheric_dust_cls_rdr_scale_mae_lr0.01_concat_3.log
mb-atmospheric_dust_cls_rdr,siglip2,0.01,94.51,mb-atmospheric_dust_cls_rdr_siglip2_frac0.01x_lr0.0001_concat_3.log
mb-atmospheric_dust_cls_rdr,siglip2,0.01,95.38,mb-atmospheric_dust_cls_rdr_siglip2_frac0.01x_lr0.001_concat_3.log
mb-atmospheric_dust_cls_rdr,siglip2,0.01,58.5,mb-atmospheric_dust_cls_rdr_siglip2_frac0.01x_lr1e-05_concat_3.log
mb-atmospheric_dust_cls_rdr,siglip2,0.05,96.24,mb-atmospheric_dust_cls_rdr_siglip2_frac0.05x_lr0.0001_concat_3.log
mb-atmospheric_dust_cls_rdr,siglip2,0.05,97.7,mb-atmospheric_dust_cls_rdr_siglip2_frac0.05x_lr0.001_concat_3.log
mb-atmospheric_dust_cls_rdr,siglip2,0.05,95.95,mb-atmospheric_dust_cls_rdr_siglip2_frac0.05x_lr1e-05_concat_3.log
mb-atmospheric_dust_cls_rdr,siglip2,0.20,97.26,mb-atmospheric_dust_cls_rdr_siglip2_frac0.20x_lr0.0001_concat_3.log
mb-atmospheric_dust_cls_rdr,siglip2,0.20,97.3,mb-atmospheric_dust_cls_rdr_siglip2_frac0.20x_lr0.001_concat_3.log
mb-atmospheric_dust_cls_rdr,siglip2,0.20,96.09,mb-atmospheric_dust_cls_rdr_siglip2_frac0.20x_lr1e-05_concat_3.log
mb-atmospheric_dust_cls_rdr,siglip2,0.50,97.33,mb-atmospheric_dust_cls_rdr_siglip2_frac0.50x_lr0.0001_concat_3.log
mb-atmospheric_dust_cls_rdr,siglip2,0.50,97.31,mb-atmospheric_dust_cls_rdr_siglip2_frac0.50x_lr0.001_concat_3.log
mb-atmospheric_dust_cls_rdr,siglip2,0.50,96.74,mb-atmospheric_dust_cls_rdr_siglip2_frac0.50x_lr1e-05_concat_3.log
mb-atmospheric_dust_cls_rdr,siglip2,full,96.82,mb-atmospheric_dust_cls_rdr_siglip2_lr0.0001_concat_3.log
mb-atmospheric_dust_cls_rdr,siglip2,full,97.26,mb-atmospheric_dust_cls_rdr_siglip2_lr0.001_concat_3.log
mb-atmospheric_dust_cls_rdr,siglip2,full,96.11,mb-atmospheric_dust_cls_rdr_siglip2_lr0.01_concat_3.log
mb-atmospheric_dust_cls_rdr,swin_v2,0.01,96.13,mb-atmospheric_dust_cls_rdr_swin_v2_frac0.01x_lr0.0001_concat_3.log
mb-atmospheric_dust_cls_rdr,swin_v2,0.01,96.43,mb-atmospheric_dust_cls_rdr_swin_v2_frac0.01x_lr0.001_concat_3.log
mb-atmospheric_dust_cls_rdr,swin_v2,0.01,80.53,mb-atmospheric_dust_cls_rdr_swin_v2_frac0.01x_lr1e-05_concat_3.log
mb-atmospheric_dust_cls_rdr,swin_v2,0.05,96.91,mb-atmospheric_dust_cls_rdr_swin_v2_frac0.05x_lr0.0001_concat_3.log
mb-atmospheric_dust_cls_rdr,swin_v2,0.05,97.07,mb-atmospheric_dust_cls_rdr_swin_v2_frac0.05x_lr0.001_concat_3.log
mb-atmospheric_dust_cls_rdr,swin_v2,0.05,96.89,mb-atmospheric_dust_cls_rdr_swin_v2_frac0.05x_lr1e-05_concat_3.log
mb-atmospheric_dust_cls_rdr,swin_v2,0.20,97.18,mb-atmospheric_dust_cls_rdr_swin_v2_frac0.20x_lr0.0001_concat_3.log
mb-atmospheric_dust_cls_rdr,swin_v2,0.20,96.95,mb-atmospheric_dust_cls_rdr_swin_v2_frac0.20x_lr0.001_concat_3.log
mb-atmospheric_dust_cls_rdr,swin_v2,0.20,96.55,mb-atmospheric_dust_cls_rdr_swin_v2_frac0.20x_lr1e-05_concat_3.log
mb-atmospheric_dust_cls_rdr,swin_v2,0.50,96.82,mb-atmospheric_dust_cls_rdr_swin_v2_frac0.50x_lr0.0001_concat_3.log
mb-atmospheric_dust_cls_rdr,swin_v2,0.50,96.68,mb-atmospheric_dust_cls_rdr_swin_v2_frac0.50x_lr0.001_concat_3.log
mb-atmospheric_dust_cls_rdr,swin_v2,0.50,96.74,mb-atmospheric_dust_cls_rdr_swin_v2_frac0.50x_lr1e-05_concat_3.log
mb-atmospheric_dust_cls_rdr,swin_v2,full,96.78,mb-atmospheric_dust_cls_rdr_swin_v2_lr0.0001_concat_3.log
mb-atmospheric_dust_cls_rdr,swin_v2,full,96.8,mb-atmospheric_dust_cls_rdr_swin_v2_lr0.001_concat_3.log
mb-atmospheric_dust_cls_rdr,swin_v2,full,96.66,mb-atmospheric_dust_cls_rdr_swin_v2_lr0.01_concat_3.log
mb-atmospheric_dust_cls_rdr,vit_l,0.01,95.84,mb-atmospheric_dust_cls_rdr_vit_l_frac0.01x_lr0.0001_concat_3.log
mb-atmospheric_dust_cls_rdr,vit_l,0.01,96.09,mb-atmospheric_dust_cls_rdr_vit_l_frac0.01x_lr0.001_concat_3.log
mb-atmospheric_dust_cls_rdr,vit_l,0.01,44.07,mb-atmospheric_dust_cls_rdr_vit_l_frac0.01x_lr1e-05_concat_3.log
mb-atmospheric_dust_cls_rdr,vit_l,0.05,96.16,mb-atmospheric_dust_cls_rdr_vit_l_frac0.05x_lr0.0001_concat_3.log
mb-atmospheric_dust_cls_rdr,vit_l,0.05,96.03,mb-atmospheric_dust_cls_rdr_vit_l_frac0.05x_lr0.001_concat_3.log
mb-atmospheric_dust_cls_rdr,vit_l,0.05,95.74,mb-atmospheric_dust_cls_rdr_vit_l_frac0.05x_lr1e-05_concat_3.log
mb-atmospheric_dust_cls_rdr,vit_l,0.20,96.07,mb-atmospheric_dust_cls_rdr_vit_l_frac0.20x_lr0.0001_concat_3.log
mb-atmospheric_dust_cls_rdr,vit_l,0.20,96.05,mb-atmospheric_dust_cls_rdr_vit_l_frac0.20x_lr0.001_concat_3.log
mb-atmospheric_dust_cls_rdr,vit_l,0.20,96.05,mb-atmospheric_dust_cls_rdr_vit_l_frac0.20x_lr1e-05_concat_3.log
mb-atmospheric_dust_cls_rdr,vit_l,0.50,96.36,mb-atmospheric_dust_cls_rdr_vit_l_frac0.50x_lr0.0001_concat_3.log
mb-atmospheric_dust_cls_rdr,vit_l,0.50,95.91,mb-atmospheric_dust_cls_rdr_vit_l_frac0.50x_lr0.001_concat_3.log
mb-atmospheric_dust_cls_rdr,vit_l,0.50,96.28,mb-atmospheric_dust_cls_rdr_vit_l_frac0.50x_lr1e-05_concat_3.log
mb-atmospheric_dust_cls_rdr,vit_l,full,96.18,mb-atmospheric_dust_cls_rdr_vit_l_lr0.0001_concat_3.log
mb-atmospheric_dust_cls_rdr,vit_l,full,95.99,mb-atmospheric_dust_cls_rdr_vit_l_lr0.001_concat_3.log
mb-atmospheric_dust_cls_rdr,vit_l,full,95.82,mb-atmospheric_dust_cls_rdr_vit_l_lr0.01_concat_3.log
mb-change_cls_ctx,dinov1_b8,0.20,40.0,mb-change_cls_ctx_dinov1_b8_frac0.20x_lr0.0001_concat_3.log
mb-change_cls_ctx,dinov1_b8,0.20,25.0,mb-change_cls_ctx_dinov1_b8_frac0.20x_lr0.001_concat_3.log
mb-change_cls_ctx,dinov1_b8,0.20,55.0,mb-change_cls_ctx_dinov1_b8_frac0.20x_lr1e-05_concat_3.log
mb-change_cls_ctx,dinov1_b8,0.50,20.0,mb-change_cls_ctx_dinov1_b8_frac0.50x_lr0.0001_concat_3.log
mb-change_cls_ctx,dinov1_b8,0.50,80.0,mb-change_cls_ctx_dinov1_b8_frac0.50x_lr0.001_concat_3.log
mb-change_cls_ctx,dinov1_b8,0.50,20.0,mb-change_cls_ctx_dinov1_b8_frac0.50x_lr1e-05_concat_3.log
mb-change_cls_ctx,dinov1_b8,full,80.0,mb-change_cls_ctx_dinov1_b8_lr0.0001_concat_3.log
mb-change_cls_ctx,dinov1_b8,full,80.0,mb-change_cls_ctx_dinov1_b8_lr0.001_concat_3.log
mb-change_cls_ctx,dinov1_b8,full,80.0,mb-change_cls_ctx_dinov1_b8_lr0.01_concat_3.log
mb-change_cls_ctx,dinov2_l14,0.20,50.0,mb-change_cls_ctx_dinov2_l14_frac0.20x_lr0.0001_concat_3.log
mb-change_cls_ctx,dinov2_l14,0.20,25.0,mb-change_cls_ctx_dinov2_l14_frac0.20x_lr0.001_concat_3.log
mb-change_cls_ctx,dinov2_l14,0.20,20.0,mb-change_cls_ctx_dinov2_l14_frac0.20x_lr1e-05_concat_3.log
mb-change_cls_ctx,dinov2_l14,0.50,75.0,mb-change_cls_ctx_dinov2_l14_frac0.50x_lr0.0001_concat_3.log
mb-change_cls_ctx,dinov2_l14,0.50,80.0,mb-change_cls_ctx_dinov2_l14_frac0.50x_lr0.001_concat_3.log
mb-change_cls_ctx,dinov2_l14,0.50,65.0,mb-change_cls_ctx_dinov2_l14_frac0.50x_lr1e-05_concat_3.log
mb-change_cls_ctx,dinov2_l14,full,80.0,mb-change_cls_ctx_dinov2_l14_lr0.0001_concat_3.log
mb-change_cls_ctx,dinov2_l14,full,90.0,mb-change_cls_ctx_dinov2_l14_lr0.001_concat_3.log
mb-change_cls_ctx,dinov2_l14,full,80.0,mb-change_cls_ctx_dinov2_l14_lr0.01_concat_3.log
mb-change_cls_ctx,dinov3_lvd_1cha,0.20,65.0,mb-change_cls_ctx_dinov3_lvd_1cha_frac0.20x_lr0.0001_concat_3.log
mb-change_cls_ctx,dinov3_lvd_1cha,0.20,25.0,mb-change_cls_ctx_dinov3_lvd_1cha_frac0.20x_lr0.001_concat_3.log
mb-change_cls_ctx,dinov3_lvd_1cha,0.20,35.0,mb-change_cls_ctx_dinov3_lvd_1cha_frac0.20x_lr1e-05_concat_3.log
mb-change_cls_ctx,dinov3_lvd_1cha,0.50,20.0,mb-change_cls_ctx_dinov3_lvd_1cha_frac0.50x_lr0.0001_concat_3.log
mb-change_cls_ctx,dinov3_lvd_1cha,0.50,70.0,mb-change_cls_ctx_dinov3_lvd_1cha_frac0.50x_lr0.001_concat_3.log
mb-change_cls_ctx,dinov3_lvd_1cha,0.50,80.0,mb-change_cls_ctx_dinov3_lvd_1cha_frac0.50x_lr1e-05_concat_3.log
mb-change_cls_ctx,dinov3_lvd_1cha,full,80.0,mb-change_cls_ctx_dinov3_lvd_1cha_lr0.0001_concat_3.log
mb-change_cls_ctx,dinov3_lvd_1cha,full,80.0,mb-change_cls_ctx_dinov3_lvd_1cha_lr0.001_concat_3.log
mb-change_cls_ctx,dinov3_lvd_1cha,full,80.0,mb-change_cls_ctx_dinov3_lvd_1cha_lr0.01_concat_3.log
mb-change_cls_ctx,dinov3_lvd,0.20,80.0,mb-change_cls_ctx_dinov3_lvd_frac0.20x_lr0.0001_concat_3.log
mb-change_cls_ctx,dinov3_lvd,0.20,25.0,mb-change_cls_ctx_dinov3_lvd_frac0.20x_lr0.001_concat_3.log
mb-change_cls_ctx,dinov3_lvd,0.20,20.0,mb-change_cls_ctx_dinov3_lvd_frac0.20x_lr1e-05_concat_3.log
mb-change_cls_ctx,dinov3_lvd,0.50,80.0,mb-change_cls_ctx_dinov3_lvd_frac0.50x_lr0.0001_concat_3.log
mb-change_cls_ctx,dinov3_lvd,0.50,80.0,mb-change_cls_ctx_dinov3_lvd_frac0.50x_lr0.001_concat_3.log
mb-change_cls_ctx,dinov3_lvd,0.50,40.0,mb-change_cls_ctx_dinov3_lvd_frac0.50x_lr1e-05_concat_3.log
mb-change_cls_ctx,dinov3_lvd,full,85.0,mb-change_cls_ctx_dinov3_lvd_lr0.0001_concat_3.log
mb-change_cls_ctx,dinov3_lvd,full,80.0,mb-change_cls_ctx_dinov3_lvd_lr0.001_concat_3.log
mb-change_cls_ctx,dinov3_lvd,full,80.0,mb-change_cls_ctx_dinov3_lvd_lr0.01_concat_3.log
mb-change_cls_ctx,dinov3_sat_1cha,0.20,80.0,mb-change_cls_ctx_dinov3_sat_1cha_frac0.20x_lr0.0001_concat_3.log
mb-change_cls_ctx,dinov3_sat_1cha,0.20,35.0,mb-change_cls_ctx_dinov3_sat_1cha_frac0.20x_lr0.001_concat_3.log
mb-change_cls_ctx,dinov3_sat_1cha,0.20,55.0,mb-change_cls_ctx_dinov3_sat_1cha_frac0.20x_lr1e-05_concat_3.log
mb-change_cls_ctx,dinov3_sat_1cha,0.50,80.0,mb-change_cls_ctx_dinov3_sat_1cha_frac0.50x_lr0.0001_concat_3.log
mb-change_cls_ctx,dinov3_sat_1cha,0.50,80.0,mb-change_cls_ctx_dinov3_sat_1cha_frac0.50x_lr0.001_concat_3.log
mb-change_cls_ctx,dinov3_sat_1cha,0.50,25.0,mb-change_cls_ctx_dinov3_sat_1cha_frac0.50x_lr1e-05_concat_3.log
mb-change_cls_ctx,dinov3_sat_1cha,full,80.0,mb-change_cls_ctx_dinov3_sat_1cha_lr0.0001_concat_3.log
mb-change_cls_ctx,dinov3_sat_1cha,full,80.0,mb-change_cls_ctx_dinov3_sat_1cha_lr0.001_concat_3.log
mb-change_cls_ctx,dinov3_sat_1cha,full,80.0,mb-change_cls_ctx_dinov3_sat_1cha_lr0.01_concat_3.log
mb-change_cls_ctx,dinov3_sat,0.20,50.0,mb-change_cls_ctx_dinov3_sat_frac0.20x_lr0.0001_concat_3.log
mb-change_cls_ctx,dinov3_sat,0.20,65.0,mb-change_cls_ctx_dinov3_sat_frac0.20x_lr0.001_concat_3.log
mb-change_cls_ctx,dinov3_sat,0.20,10.0,mb-change_cls_ctx_dinov3_sat_frac0.20x_lr1e-05_concat_3.log
mb-change_cls_ctx,dinov3_sat,0.50,85.0,mb-change_cls_ctx_dinov3_sat_frac0.50x_lr0.0001_concat_3.log
mb-change_cls_ctx,dinov3_sat,0.50,20.0,mb-change_cls_ctx_dinov3_sat_frac0.50x_lr0.001_concat_3.log
mb-change_cls_ctx,dinov3_sat,0.50,35.0,mb-change_cls_ctx_dinov3_sat_frac0.50x_lr1e-05_concat_3.log
mb-change_cls_ctx,dinov3_sat,full,80.0,mb-change_cls_ctx_dinov3_sat_lr0.0001_concat_3.log
mb-change_cls_ctx,dinov3_sat,full,80.0,mb-change_cls_ctx_dinov3_sat_lr0.001_concat_3.log
mb-change_cls_ctx,dinov3_sat,full,80.0,mb-change_cls_ctx_dinov3_sat_lr0.01_concat_3.log
mb-change_cls_ctx,mars_mae,0.20,80.0,mb-change_cls_ctx_mars_mae_frac0.20x_lr0.0001_concat_3.log
mb-change_cls_ctx,mars_mae,0.20,70.0,mb-change_cls_ctx_mars_mae_frac0.20x_lr0.001_concat_3.log
mb-change_cls_ctx,mars_mae,0.20,20.0,mb-change_cls_ctx_mars_mae_frac0.20x_lr1e-05_concat_3.log
mb-change_cls_ctx,mars_mae,0.50,20.0,mb-change_cls_ctx_mars_mae_frac0.50x_lr0.0001_concat_3.log
mb-change_cls_ctx,mars_mae,0.50,75.0,mb-change_cls_ctx_mars_mae_frac0.50x_lr0.001_concat_3.log
mb-change_cls_ctx,mars_mae,0.50,20.0,mb-change_cls_ctx_mars_mae_frac0.50x_lr1e-05_concat_3.log
mb-change_cls_ctx,mars_mae,full,80.0,mb-change_cls_ctx_mars_mae_lr0.0001_concat_3.log
mb-change_cls_ctx,mars_mae,full,80.0,mb-change_cls_ctx_mars_mae_lr0.001_concat_3.log
mb-change_cls_ctx,mars_mae,full,90.0,mb-change_cls_ctx_mars_mae_lr0.01_concat_3.log
mb-change_cls_ctx,openclip,0.20,80.0,mb-change_cls_ctx_openclip_frac0.20x_lr0.0001_concat_3.log
mb-change_cls_ctx,openclip,0.20,80.0,mb-change_cls_ctx_openclip_frac0.20x_lr0.001_concat_3.log
mb-change_cls_ctx,openclip,0.20,80.0,mb-change_cls_ctx_openclip_frac0.20x_lr1e-05_concat_3.log
mb-change_cls_ctx,openclip,0.50,80.0,mb-change_cls_ctx_openclip_frac0.50x_lr0.0001_concat_3.log
mb-change_cls_ctx,openclip,0.50,20.0,mb-change_cls_ctx_openclip_frac0.50x_lr0.001_concat_3.log
mb-change_cls_ctx,openclip,0.50,20.0,mb-change_cls_ctx_openclip_frac0.50x_lr1e-05_concat_3.log
mb-change_cls_ctx,openclip,full,80.0,mb-change_cls_ctx_openclip_lr0.0001_concat_3.log
mb-change_cls_ctx,openclip,full,80.0,mb-change_cls_ctx_openclip_lr0.001_concat_3.log
mb-change_cls_ctx,openclip,full,80.0,mb-change_cls_ctx_openclip_lr0.01_concat_3.log
mb-change_cls_ctx,satmae,0.20,20.0,mb-change_cls_ctx_satmae_frac0.20x_lr0.0001_concat_3.log
mb-change_cls_ctx,satmae,0.20,80.0,mb-change_cls_ctx_satmae_frac0.20x_lr0.001_concat_3.log
mb-change_cls_ctx,satmae,0.20,65.0,mb-change_cls_ctx_satmae_frac0.20x_lr1e-05_concat_3.log
mb-change_cls_ctx,satmae,0.50,15.0,mb-change_cls_ctx_satmae_frac0.50x_lr0.0001_concat_3.log
mb-change_cls_ctx,satmae,0.50,55.0,mb-change_cls_ctx_satmae_frac0.50x_lr0.001_concat_3.log
mb-change_cls_ctx,satmae,0.50,80.0,mb-change_cls_ctx_satmae_frac0.50x_lr1e-05_concat_3.log
mb-change_cls_ctx,satmae,full,80.0,mb-change_cls_ctx_satmae_lr0.0001_concat_3.log
mb-change_cls_ctx,satmae,full,80.0,mb-change_cls_ctx_satmae_lr0.001_concat_3.log
mb-change_cls_ctx,satmae,full,80.0,mb-change_cls_ctx_satmae_lr0.01_concat_3.log
mb-change_cls_ctx,scale_mae,full,80.0,mb-change_cls_ctx_scale_mae_lr0.0001_concat_3.log
mb-change_cls_ctx,scale_mae,full,80.0,mb-change_cls_ctx_scale_mae_lr0.001_concat_3.log
mb-change_cls_ctx,scale_mae,full,80.0,mb-change_cls_ctx_scale_mae_lr0.01_concat_3.log
mb-change_cls_ctx,siglip2,0.20,20.0,mb-change_cls_ctx_siglip2_frac0.20x_lr0.0001_concat_3.log
mb-change_cls_ctx,siglip2,0.20,20.0,mb-change_cls_ctx_siglip2_frac0.20x_lr0.001_concat_3.log
mb-change_cls_ctx,siglip2,0.20,25.0,mb-change_cls_ctx_siglip2_frac0.20x_lr1e-05_concat_3.log
mb-change_cls_ctx,siglip2,0.50,80.0,mb-change_cls_ctx_siglip2_frac0.50x_lr0.0001_concat_3.log
mb-change_cls_ctx,siglip2,0.50,50.0,mb-change_cls_ctx_siglip2_frac0.50x_lr0.001_concat_3.log
mb-change_cls_ctx,siglip2,0.50,80.0,mb-change_cls_ctx_siglip2_frac0.50x_lr1e-05_concat_3.log
mb-change_cls_ctx,siglip2,full,80.0,mb-change_cls_ctx_siglip2_lr0.0001_concat_3.log
mb-change_cls_ctx,siglip2,full,80.0,mb-change_cls_ctx_siglip2_lr0.001_concat_3.log
mb-change_cls_ctx,siglip2,full,80.0,mb-change_cls_ctx_siglip2_lr0.01_concat_3.log
mb-change_cls_ctx,swin_v2,0.20,20.0,mb-change_cls_ctx_swin_v2_frac0.20x_lr0.0001_concat_3.log
mb-change_cls_ctx,swin_v2,0.20,70.0,mb-change_cls_ctx_swin_v2_frac0.20x_lr0.001_concat_3.log
mb-change_cls_ctx,swin_v2,0.20,75.0,mb-change_cls_ctx_swin_v2_frac0.20x_lr1e-05_concat_3.log
mb-change_cls_ctx,swin_v2,0.50,50.0,mb-change_cls_ctx_swin_v2_frac0.50x_lr0.0001_concat_3.log
mb-change_cls_ctx,swin_v2,0.50,45.0,mb-change_cls_ctx_swin_v2_frac0.50x_lr0.001_concat_3.log
mb-change_cls_ctx,swin_v2,0.50,80.0,mb-change_cls_ctx_swin_v2_frac0.50x_lr1e-05_concat_3.log
mb-change_cls_ctx,swin_v2,full,80.0,mb-change_cls_ctx_swin_v2_lr0.0001_concat_3.log
mb-change_cls_ctx,swin_v2,full,80.0,mb-change_cls_ctx_swin_v2_lr0.001_concat_3.log
mb-change_cls_ctx,swin_v2,full,80.0,mb-change_cls_ctx_swin_v2_lr0.01_concat_3.log
mb-change_cls_ctx,vit_l,0.20,80.0,mb-change_cls_ctx_vit_l_frac0.20x_lr0.0001_concat_3.log
mb-change_cls_ctx,vit_l,0.20,20.0,mb-change_cls_ctx_vit_l_frac0.20x_lr0.001_concat_3.log
mb-change_cls_ctx,vit_l,0.20,35.0,mb-change_cls_ctx_vit_l_frac0.20x_lr1e-05_concat_3.log
mb-change_cls_ctx,vit_l,0.50,20.0,mb-change_cls_ctx_vit_l_frac0.50x_lr0.0001_concat_3.log
mb-change_cls_ctx,vit_l,0.50,80.0,mb-change_cls_ctx_vit_l_frac0.50x_lr0.001_concat_3.log
mb-change_cls_ctx,vit_l,0.50,20.0,mb-change_cls_ctx_vit_l_frac0.50x_lr1e-05_concat_3.log
mb-change_cls_ctx,vit_l,full,80.0,mb-change_cls_ctx_vit_l_lr0.0001_concat_3.log
mb-change_cls_ctx,vit_l,full,80.0,mb-change_cls_ctx_vit_l_lr0.001_concat_3.log
mb-change_cls_ctx,vit_l,full,80.0,mb-change_cls_ctx_vit_l_lr0.01_concat_3.log
mb-change_cls_hirise,dinov1_b8,0.01,8.51,mb-change_cls_hirise_dinov1_b8_frac0.01x_lr0.0001_concat_3.log
mb-change_cls_hirise,dinov1_b8,0.01,87.76,mb-change_cls_hirise_dinov1_b8_frac0.01x_lr0.001_concat_3.log
mb-change_cls_hirise,dinov1_b8,0.01,91.12,mb-change_cls_hirise_dinov1_b8_frac0.01x_lr1e-05_concat_3.log
mb-change_cls_hirise,dinov1_b8,0.05,88.06,mb-change_cls_hirise_dinov1_b8_frac0.05x_lr0.0001_concat_3.log
mb-change_cls_hirise,dinov1_b8,0.05,94.33,mb-change_cls_hirise_dinov1_b8_frac0.05x_lr0.001_concat_3.log
mb-change_cls_hirise,dinov1_b8,0.05,91.94,mb-change_cls_hirise_dinov1_b8_frac0.05x_lr1e-05_concat_3.log
mb-change_cls_hirise,dinov1_b8,0.20,93.73,mb-change_cls_hirise_dinov1_b8_frac0.20x_lr0.0001_concat_3.log
mb-change_cls_hirise,dinov1_b8,0.20,96.27,mb-change_cls_hirise_dinov1_b8_frac0.20x_lr0.001_concat_3.log
mb-change_cls_hirise,dinov1_b8,0.20,89.18,mb-change_cls_hirise_dinov1_b8_frac0.20x_lr1e-05_concat_3.log
mb-change_cls_hirise,dinov1_b8,0.50,96.19,mb-change_cls_hirise_dinov1_b8_frac0.50x_lr0.0001_concat_3.log
mb-change_cls_hirise,dinov1_b8,0.50,96.87,mb-change_cls_hirise_dinov1_b8_frac0.50x_lr0.001_concat_3.log
mb-change_cls_hirise,dinov1_b8,0.50,96.04,mb-change_cls_hirise_dinov1_b8_frac0.50x_lr1e-05_concat_3.log
mb-change_cls_hirise,dinov1_b8,full,96.12,mb-change_cls_hirise_dinov1_b8_lr0.0001_concat_3.log
mb-change_cls_hirise,dinov1_b8,full,97.61,mb-change_cls_hirise_dinov1_b8_lr0.001_concat_3.log
mb-change_cls_hirise,dinov1_b8,full,96.87,mb-change_cls_hirise_dinov1_b8_lr0.01_concat_3.log
mb-change_cls_hirise,dinov2_l14,0.01,8.73,mb-change_cls_hirise_dinov2_l14_frac0.01x_lr0.0001_concat_3.log
mb-change_cls_hirise,dinov2_l14,0.01,8.06,mb-change_cls_hirise_dinov2_l14_frac0.01x_lr0.001_concat_3.log
mb-change_cls_hirise,dinov2_l14,0.01,24.25,mb-change_cls_hirise_dinov2_l14_frac0.01x_lr1e-05_concat_3.log
mb-change_cls_hirise,dinov2_l14,0.05,88.28,mb-change_cls_hirise_dinov2_l14_frac0.05x_lr0.0001_concat_3.log
mb-change_cls_hirise,dinov2_l14,0.05,93.13,mb-change_cls_hirise_dinov2_l14_frac0.05x_lr0.001_concat_3.log
mb-change_cls_hirise,dinov2_l14,0.05,91.94,mb-change_cls_hirise_dinov2_l14_frac0.05x_lr1e-05_concat_3.log
mb-change_cls_hirise,dinov2_l14,0.20,93.58,mb-change_cls_hirise_dinov2_l14_frac0.20x_lr0.0001_concat_3.log
mb-change_cls_hirise,dinov2_l14,0.20,94.33,mb-change_cls_hirise_dinov2_l14_frac0.20x_lr0.001_concat_3.log
mb-change_cls_hirise,dinov2_l14,0.20,94.55,mb-change_cls_hirise_dinov2_l14_frac0.20x_lr1e-05_concat_3.log
mb-change_cls_hirise,dinov2_l14,0.50,94.93,mb-change_cls_hirise_dinov2_l14_frac0.50x_lr0.0001_concat_3.log
mb-change_cls_hirise,dinov2_l14,0.50,95.52,mb-change_cls_hirise_dinov2_l14_frac0.50x_lr0.001_concat_3.log
mb-change_cls_hirise,dinov2_l14,0.50,91.94,mb-change_cls_hirise_dinov2_l14_frac0.50x_lr1e-05_concat_3.log
mb-change_cls_hirise,dinov2_l14,full,96.57,mb-change_cls_hirise_dinov2_l14_lr0.0001_concat_3.log
mb-change_cls_hirise,dinov2_l14,full,97.39,mb-change_cls_hirise_dinov2_l14_lr0.001_concat_3.log
mb-change_cls_hirise,dinov2_l14,full,97.09,mb-change_cls_hirise_dinov2_l14_lr0.01_concat_3.log
mb-change_cls_hirise,dinov3_lvd_1cha,0.01,80.82,mb-change_cls_hirise_dinov3_lvd_1cha_frac0.01x_lr0.0001_concat_3.log
mb-change_cls_hirise,dinov3_lvd_1cha,0.01,86.27,mb-change_cls_hirise_dinov3_lvd_1cha_frac0.01x_lr0.001_concat_3.log
mb-change_cls_hirise,dinov3_lvd_1cha,0.01,91.94,mb-change_cls_hirise_dinov3_lvd_1cha_frac0.01x_lr1e-05_concat_3.log
mb-change_cls_hirise,dinov3_lvd_1cha,0.05,93.88,mb-change_cls_hirise_dinov3_lvd_1cha_frac0.05x_lr0.0001_concat_3.log
mb-change_cls_hirise,dinov3_lvd_1cha,0.05,94.7,mb-change_cls_hirise_dinov3_lvd_1cha_frac0.05x_lr0.001_concat_3.log
mb-change_cls_hirise,dinov3_lvd_1cha,0.05,80.82,mb-change_cls_hirise_dinov3_lvd_1cha_frac0.05x_lr1e-05_concat_3.log
mb-change_cls_hirise,dinov3_lvd_1cha,0.20,94.18,mb-change_cls_hirise_dinov3_lvd_1cha_frac0.20x_lr0.0001_concat_3.log
mb-change_cls_hirise,dinov3_lvd_1cha,0.20,95.22,mb-change_cls_hirise_dinov3_lvd_1cha_frac0.20x_lr0.001_concat_3.log
mb-change_cls_hirise,dinov3_lvd_1cha,0.20,95.3,mb-change_cls_hirise_dinov3_lvd_1cha_frac0.20x_lr1e-05_concat_3.log
mb-change_cls_hirise,dinov3_lvd_1cha,0.50,95.9,mb-change_cls_hirise_dinov3_lvd_1cha_frac0.50x_lr0.0001_concat_3.log
mb-change_cls_hirise,dinov3_lvd_1cha,0.50,96.79,mb-change_cls_hirise_dinov3_lvd_1cha_frac0.50x_lr0.001_concat_3.log
mb-change_cls_hirise,dinov3_lvd_1cha,0.50,91.94,mb-change_cls_hirise_dinov3_lvd_1cha_frac0.50x_lr1e-05_concat_3.log
mb-change_cls_hirise,dinov3_lvd_1cha,full,96.27,mb-change_cls_hirise_dinov3_lvd_1cha_lr0.0001_concat_3.log
mb-change_cls_hirise,dinov3_lvd_1cha,full,96.49,mb-change_cls_hirise_dinov3_lvd_1cha_lr0.001_concat_3.log
mb-change_cls_hirise,dinov3_lvd_1cha,full,97.46,mb-change_cls_hirise_dinov3_lvd_1cha_lr0.01_concat_3.log
mb-change_cls_hirise,dinov3_lvd,0.01,89.55,mb-change_cls_hirise_dinov3_lvd_frac0.01x_lr0.0001_concat_3.log
mb-change_cls_hirise,dinov3_lvd,0.01,7.99,mb-change_cls_hirise_dinov3_lvd_frac0.01x_lr0.001_concat_3.log
mb-change_cls_hirise,dinov3_lvd,0.01,8.06,mb-change_cls_hirise_dinov3_lvd_frac0.01x_lr1e-05_concat_3.log
mb-change_cls_hirise,dinov3_lvd,0.05,86.49,mb-change_cls_hirise_dinov3_lvd_frac0.05x_lr0.0001_concat_3.log
mb-change_cls_hirise,dinov3_lvd,0.05,90.67,mb-change_cls_hirise_dinov3_lvd_frac0.05x_lr0.001_concat_3.log
mb-change_cls_hirise,dinov3_lvd,0.05,54.03,mb-change_cls_hirise_dinov3_lvd_frac0.05x_lr1e-05_concat_3.log
mb-change_cls_hirise,dinov3_lvd,0.20,93.66,mb-change_cls_hirise_dinov3_lvd_frac0.20x_lr0.0001_concat_3.log
mb-change_cls_hirise,dinov3_lvd,0.20,92.39,mb-change_cls_hirise_dinov3_lvd_frac0.20x_lr0.001_concat_3.log
mb-change_cls_hirise,dinov3_lvd,0.20,95.37,mb-change_cls_hirise_dinov3_lvd_frac0.20x_lr1e-05_concat_3.log
mb-change_cls_hirise,dinov3_lvd,0.50,96.12,mb-change_cls_hirise_dinov3_lvd_frac0.50x_lr0.0001_concat_3.log
mb-change_cls_hirise,dinov3_lvd,0.50,96.57,mb-change_cls_hirise_dinov3_lvd_frac0.50x_lr0.001_concat_3.log
mb-change_cls_hirise,dinov3_lvd,0.50,91.94,mb-change_cls_hirise_dinov3_lvd_frac0.50x_lr1e-05_concat_3.log
mb-change_cls_hirise,dinov3_lvd,full,96.12,mb-change_cls_hirise_dinov3_lvd_lr0.0001_concat_3.log
mb-change_cls_hirise,dinov3_lvd,full,96.57,mb-change_cls_hirise_dinov3_lvd_lr0.001_concat_3.log
mb-change_cls_hirise,dinov3_lvd,full,97.91,mb-change_cls_hirise_dinov3_lvd_lr0.01_concat_3.log
mb-change_cls_hirise,dinov3_sat_1cha,0.01,49.7,mb-change_cls_hirise_dinov3_sat_1cha_frac0.01x_lr0.0001_concat_3.log
mb-change_cls_hirise,dinov3_sat_1cha,0.01,40.52,mb-change_cls_hirise_dinov3_sat_1cha_frac0.01x_lr0.001_concat_3.log
mb-change_cls_hirise,dinov3_sat_1cha,0.01,67.01,mb-change_cls_hirise_dinov3_sat_1cha_frac0.01x_lr1e-05_concat_3.log
mb-change_cls_hirise,dinov3_sat_1cha,0.05,90.97,mb-change_cls_hirise_dinov3_sat_1cha_frac0.05x_lr0.0001_concat_3.log
mb-change_cls_hirise,dinov3_sat_1cha,0.05,91.49,mb-change_cls_hirise_dinov3_sat_1cha_frac0.05x_lr0.001_concat_3.log
mb-change_cls_hirise,dinov3_sat_1cha,0.05,88.73,mb-change_cls_hirise_dinov3_sat_1cha_frac0.05x_lr1e-05_concat_3.log
mb-change_cls_hirise,dinov3_sat_1cha,0.20,91.57,mb-change_cls_hirise_dinov3_sat_1cha_frac0.20x_lr0.0001_concat_3.log
mb-change_cls_hirise,dinov3_sat_1cha,0.20,93.81,mb-change_cls_hirise_dinov3_sat_1cha_frac0.20x_lr0.001_concat_3.log
mb-change_cls_hirise,dinov3_sat_1cha,0.20,91.94,mb-change_cls_hirise_dinov3_sat_1cha_frac0.20x_lr1e-05_concat_3.log
mb-change_cls_hirise,dinov3_sat_1cha,0.50,95.6,mb-change_cls_hirise_dinov3_sat_1cha_frac0.50x_lr0.0001_concat_3.log
mb-change_cls_hirise,dinov3_sat_1cha,0.50,96.04,mb-change_cls_hirise_dinov3_sat_1cha_frac0.50x_lr0.001_concat_3.log
mb-change_cls_hirise,dinov3_sat_1cha,0.50,91.94,mb-change_cls_hirise_dinov3_sat_1cha_frac0.50x_lr1e-05_concat_3.log
mb-change_cls_hirise,dinov3_sat_1cha,full,91.94,mb-change_cls_hirise_dinov3_sat_1cha_lr0.0001_concat_3.log
mb-change_cls_hirise,dinov3_sat_1cha,full,97.09,mb-change_cls_hirise_dinov3_sat_1cha_lr0.001_concat_3.log
mb-change_cls_hirise,dinov3_sat_1cha,full,97.16,mb-change_cls_hirise_dinov3_sat_1cha_lr0.01_concat_3.log
mb-change_cls_hirise,dinov3_sat,0.01,8.28,mb-change_cls_hirise_dinov3_sat_frac0.01x_lr0.0001_concat_3.log
mb-change_cls_hirise,dinov3_sat,0.01,34.03,mb-change_cls_hirise_dinov3_sat_frac0.01x_lr0.001_concat_3.log
mb-change_cls_hirise,dinov3_sat,0.01,59.33,mb-change_cls_hirise_dinov3_sat_frac0.01x_lr1e-05_concat_3.log
mb-change_cls_hirise,dinov3_sat,0.05,60.15,mb-change_cls_hirise_dinov3_sat_frac0.05x_lr0.0001_concat_3.log
mb-change_cls_hirise,dinov3_sat,0.05,89.33,mb-change_cls_hirise_dinov3_sat_frac0.05x_lr0.001_concat_3.log
mb-change_cls_hirise,dinov3_sat,0.05,56.34,mb-change_cls_hirise_dinov3_sat_frac0.05x_lr1e-05_concat_3.log
mb-change_cls_hirise,dinov3_sat,0.20,93.51,mb-change_cls_hirise_dinov3_sat_frac0.20x_lr0.0001_concat_3.log
mb-change_cls_hirise,dinov3_sat,0.20,93.43,mb-change_cls_hirise_dinov3_sat_frac0.20x_lr0.001_concat_3.log
mb-change_cls_hirise,dinov3_sat,0.20,92.54,mb-change_cls_hirise_dinov3_sat_frac0.20x_lr1e-05_concat_3.log
mb-change_cls_hirise,dinov3_sat,0.50,96.42,mb-change_cls_hirise_dinov3_sat_frac0.50x_lr0.0001_concat_3.log
mb-change_cls_hirise,dinov3_sat,0.50,97.39,mb-change_cls_hirise_dinov3_sat_frac0.50x_lr0.001_concat_3.log
mb-change_cls_hirise,dinov3_sat,0.50,91.94,mb-change_cls_hirise_dinov3_sat_frac0.50x_lr1e-05_concat_3.log
mb-change_cls_hirise,dinov3_sat,full,95.75,mb-change_cls_hirise_dinov3_sat_lr0.0001_concat_3.log
mb-change_cls_hirise,dinov3_sat,full,97.09,mb-change_cls_hirise_dinov3_sat_lr0.001_concat_3.log
mb-change_cls_hirise,dinov3_sat,full,97.61,mb-change_cls_hirise_dinov3_sat_lr0.01_concat_3.log
mb-change_cls_hirise,mars_mae,0.01,75.75,mb-change_cls_hirise_mars_mae_frac0.01x_lr0.0001_concat_3.log
mb-change_cls_hirise,mars_mae,0.01,73.43,mb-change_cls_hirise_mars_mae_frac0.01x_lr0.001_concat_3.log
mb-change_cls_hirise,mars_mae,0.01,8.06,mb-change_cls_hirise_mars_mae_frac0.01x_lr1e-05_concat_3.log
mb-change_cls_hirise,mars_mae,0.05,73.06,mb-change_cls_hirise_mars_mae_frac0.05x_lr0.0001_concat_3.log
mb-change_cls_hirise,mars_mae,0.05,84.78,mb-change_cls_hirise_mars_mae_frac0.05x_lr0.001_concat_3.log
mb-change_cls_hirise,mars_mae,0.05,90.82,mb-change_cls_hirise_mars_mae_frac0.05x_lr1e-05_concat_3.log
mb-change_cls_hirise,mars_mae,0.20,93.81,mb-change_cls_hirise_mars_mae_frac0.20x_lr0.0001_concat_3.log
mb-change_cls_hirise,mars_mae,0.20,92.16,mb-change_cls_hirise_mars_mae_frac0.20x_lr0.001_concat_3.log
mb-change_cls_hirise,mars_mae,0.20,91.94,mb-change_cls_hirise_mars_mae_frac0.20x_lr1e-05_concat_3.log
mb-change_cls_hirise,mars_mae,0.50,91.94,mb-change_cls_hirise_mars_mae_frac0.50x_lr0.0001_concat_3.log
mb-change_cls_hirise,mars_mae,0.50,96.04,mb-change_cls_hirise_mars_mae_frac0.50x_lr0.001_concat_3.log
mb-change_cls_hirise,mars_mae,0.50,91.94,mb-change_cls_hirise_mars_mae_frac0.50x_lr1e-05_concat_3.log
mb-change_cls_hirise,mars_mae,full,91.94,mb-change_cls_hirise_mars_mae_lr0.0001_concat_3.log
mb-change_cls_hirise,mars_mae,full,95.97,mb-change_cls_hirise_mars_mae_lr0.001_concat_3.log
mb-change_cls_hirise,mars_mae,full,96.12,mb-change_cls_hirise_mars_mae_lr0.01_concat_3.log
mb-change_cls_hirise,openclip,0.01,8.06,mb-change_cls_hirise_openclip_frac0.01x_lr0.0001_concat_3.log
mb-change_cls_hirise,openclip,0.01,9.1,mb-change_cls_hirise_openclip_frac0.01x_lr0.001_concat_3.log
mb-change_cls_hirise,openclip,0.01,91.94,mb-change_cls_hirise_openclip_frac0.01x_lr1e-05_concat_3.log
mb-change_cls_hirise,openclip,0.05,90.67,mb-change_cls_hirise_openclip_frac0.05x_lr0.0001_concat_3.log
mb-change_cls_hirise,openclip,0.05,91.94,mb-change_cls_hirise_openclip_frac0.05x_lr0.001_concat_3.log
mb-change_cls_hirise,openclip,0.05,8.06,mb-change_cls_hirise_openclip_frac0.05x_lr1e-05_concat_3.log
mb-change_cls_hirise,openclip,0.20,92.69,mb-change_cls_hirise_openclip_frac0.20x_lr0.0001_concat_3.log
mb-change_cls_hirise,openclip,0.20,94.18,mb-change_cls_hirise_openclip_frac0.20x_lr0.001_concat_3.log
mb-change_cls_hirise,openclip,0.20,91.72,mb-change_cls_hirise_openclip_frac0.20x_lr1e-05_concat_3.log
mb-change_cls_hirise,openclip,0.50,95.82,mb-change_cls_hirise_openclip_frac0.50x_lr0.0001_concat_3.log
mb-change_cls_hirise,openclip,0.50,95.97,mb-change_cls_hirise_openclip_frac0.50x_lr0.001_concat_3.log
mb-change_cls_hirise,openclip,0.50,91.94,mb-change_cls_hirise_openclip_frac0.50x_lr1e-05_concat_3.log
mb-change_cls_hirise,openclip,full,95.75,mb-change_cls_hirise_openclip_lr0.0001_concat_3.log
mb-change_cls_hirise,openclip,full,96.34,mb-change_cls_hirise_openclip_lr0.001_concat_3.log
mb-change_cls_hirise,openclip,full,95.75,mb-change_cls_hirise_openclip_lr0.01_concat_3.log
mb-change_cls_hirise,satmae,0.01,89.33,mb-change_cls_hirise_satmae_frac0.01x_lr0.0001_concat_3.log
mb-change_cls_hirise,satmae,0.01,9.48,mb-change_cls_hirise_satmae_frac0.01x_lr0.001_concat_3.log
mb-change_cls_hirise,satmae,0.01,8.06,mb-change_cls_hirise_satmae_frac0.01x_lr1e-05_concat_3.log
mb-change_cls_hirise,satmae,0.05,91.12,mb-change_cls_hirise_satmae_frac0.05x_lr0.0001_concat_3.log
mb-change_cls_hirise,satmae,0.05,93.51,mb-change_cls_hirise_satmae_frac0.05x_lr0.001_concat_3.log
mb-change_cls_hirise,satmae,0.05,92.54,mb-change_cls_hirise_satmae_frac0.05x_lr1e-05_concat_3.log
mb-change_cls_hirise,satmae,0.20,95.15,mb-change_cls_hirise_satmae_frac0.20x_lr0.0001_concat_3.log
mb-change_cls_hirise,satmae,0.20,95.22,mb-change_cls_hirise_satmae_frac0.20x_lr0.001_concat_3.log
mb-change_cls_hirise,satmae,0.20,91.94,mb-change_cls_hirise_satmae_frac0.20x_lr1e-05_concat_3.log
mb-change_cls_hirise,satmae,0.50,95.3,mb-change_cls_hirise_satmae_frac0.50x_lr0.0001_concat_3.log
mb-change_cls_hirise,satmae,0.50,95.67,mb-change_cls_hirise_satmae_frac0.50x_lr0.001_concat_3.log
mb-change_cls_hirise,satmae,0.50,91.94,mb-change_cls_hirise_satmae_frac0.50x_lr1e-05_concat_3.log
mb-change_cls_hirise,satmae,full,95.45,mb-change_cls_hirise_satmae_lr0.0001_concat_3.log
mb-change_cls_hirise,satmae,full,95.67,mb-change_cls_hirise_satmae_lr0.001_concat_3.log
mb-change_cls_hirise,satmae,full,95.52,mb-change_cls_hirise_satmae_lr0.01_concat_3.log
mb-change_cls_hirise,scale_mae,full,91.94,mb-change_cls_hirise_scale_mae_lr0.0001_concat_3.log
mb-change_cls_hirise,scale_mae,full,91.94,mb-change_cls_hirise_scale_mae_lr0.001_concat_3.log
mb-change_cls_hirise,scale_mae,full,94.78,mb-change_cls_hirise_scale_mae_lr0.01_concat_3.log
mb-change_cls_hirise,siglip2,0.01,91.87,mb-change_cls_hirise_siglip2_frac0.01x_lr0.0001_concat_3.log
mb-change_cls_hirise,siglip2,0.01,91.94,mb-change_cls_hirise_siglip2_frac0.01x_lr0.001_concat_3.log
mb-change_cls_hirise,siglip2,0.01,8.06,mb-change_cls_hirise_siglip2_frac0.01x_lr1e-05_concat_3.log
mb-change_cls_hirise,siglip2,0.05,91.57,mb-change_cls_hirise_siglip2_frac0.05x_lr0.0001_concat_3.log
mb-change_cls_hirise,siglip2,0.05,93.43,mb-change_cls_hirise_siglip2_frac0.05x_lr0.001_concat_3.log
mb-change_cls_hirise,siglip2,0.05,59.25,mb-change_cls_hirise_siglip2_frac0.05x_lr1e-05_concat_3.log
mb-change_cls_hirise,siglip2,0.20,93.21,mb-change_cls_hirise_siglip2_frac0.20x_lr0.0001_concat_3.log
mb-change_cls_hirise,siglip2,0.20,92.54,mb-change_cls_hirise_siglip2_frac0.20x_lr0.001_concat_3.log
mb-change_cls_hirise,siglip2,0.20,91.94,mb-change_cls_hirise_siglip2_frac0.20x_lr1e-05_concat_3.log
mb-change_cls_hirise,siglip2,0.50,94.85,mb-change_cls_hirise_siglip2_frac0.50x_lr0.0001_concat_3.log
mb-change_cls_hirise,siglip2,0.50,95.45,mb-change_cls_hirise_siglip2_frac0.50x_lr0.001_concat_3.log
mb-change_cls_hirise,siglip2,0.50,91.94,mb-change_cls_hirise_siglip2_frac0.50x_lr1e-05_concat_3.log
mb-change_cls_hirise,siglip2,full,94.78,mb-change_cls_hirise_siglip2_lr0.0001_concat_3.log
mb-change_cls_hirise,siglip2,full,96.12,mb-change_cls_hirise_siglip2_lr0.001_concat_3.log
mb-change_cls_hirise,siglip2,full,95.97,mb-change_cls_hirise_siglip2_lr0.01_concat_3.log
mb-change_cls_hirise,swin_v2,0.01,85.45,mb-change_cls_hirise_swin_v2_frac0.01x_lr0.0001_concat_3.log
mb-change_cls_hirise,swin_v2,0.01,7.99,mb-change_cls_hirise_swin_v2_frac0.01x_lr0.001_concat_3.log
mb-change_cls_hirise,swin_v2,0.01,83.51,mb-change_cls_hirise_swin_v2_frac0.01x_lr1e-05_concat_3.log
mb-change_cls_hirise,swin_v2,0.05,73.58,mb-change_cls_hirise_swin_v2_frac0.05x_lr0.0001_concat_3.log
mb-change_cls_hirise,swin_v2,0.05,86.94,mb-change_cls_hirise_swin_v2_frac0.05x_lr0.001_concat_3.log
mb-change_cls_hirise,swin_v2,0.05,82.61,mb-change_cls_hirise_swin_v2_frac0.05x_lr1e-05_concat_3.log
mb-change_cls_hirise,swin_v2,0.20,91.12,mb-change_cls_hirise_swin_v2_frac0.20x_lr0.0001_concat_3.log
mb-change_cls_hirise,swin_v2,0.20,89.93,mb-change_cls_hirise_swin_v2_frac0.20x_lr0.001_concat_3.log
mb-change_cls_hirise,swin_v2,0.20,91.64,mb-change_cls_hirise_swin_v2_frac0.20x_lr1e-05_concat_3.log
mb-change_cls_hirise,swin_v2,0.50,93.88,mb-change_cls_hirise_swin_v2_frac0.50x_lr0.0001_concat_3.log
mb-change_cls_hirise,swin_v2,0.50,95.52,mb-change_cls_hirise_swin_v2_frac0.50x_lr0.001_concat_3.log
mb-change_cls_hirise,swin_v2,0.50,93.81,mb-change_cls_hirise_swin_v2_frac0.50x_lr1e-05_concat_3.log
mb-change_cls_hirise,swin_v2,full,95.3,mb-change_cls_hirise_swin_v2_lr0.0001_concat_3.log
mb-change_cls_hirise,swin_v2,full,95.75,mb-change_cls_hirise_swin_v2_lr0.001_concat_3.log
mb-change_cls_hirise,swin_v2,full,95.82,mb-change_cls_hirise_swin_v2_lr0.01_concat_3.log
mb-change_cls_hirise,vit_l,0.01,89.7,mb-change_cls_hirise_vit_l_frac0.01x_lr0.0001_concat_3.log
mb-change_cls_hirise,vit_l,0.01,35.75,mb-change_cls_hirise_vit_l_frac0.01x_lr0.001_concat_3.log
mb-change_cls_hirise,vit_l,0.01,91.94,mb-change_cls_hirise_vit_l_frac0.01x_lr1e-05_concat_3.log
mb-change_cls_hirise,vit_l,0.05,91.34,mb-change_cls_hirise_vit_l_frac0.05x_lr0.0001_concat_3.log
mb-change_cls_hirise,vit_l,0.05,93.06,mb-change_cls_hirise_vit_l_frac0.05x_lr0.001_concat_3.log
mb-change_cls_hirise,vit_l,0.05,73.73,mb-change_cls_hirise_vit_l_frac0.05x_lr1e-05_concat_3.log
mb-change_cls_hirise,vit_l,0.20,93.51,mb-change_cls_hirise_vit_l_frac0.20x_lr0.0001_concat_3.log
mb-change_cls_hirise,vit_l,0.20,92.69,mb-change_cls_hirise_vit_l_frac0.20x_lr0.001_concat_3.log
mb-change_cls_hirise,vit_l,0.20,93.88,mb-change_cls_hirise_vit_l_frac0.20x_lr1e-05_concat_3.log
mb-change_cls_hirise,vit_l,0.50,94.78,mb-change_cls_hirise_vit_l_frac0.50x_lr0.0001_concat_3.log
mb-change_cls_hirise,vit_l,0.50,95.15,mb-change_cls_hirise_vit_l_frac0.50x_lr0.001_concat_3.log
mb-change_cls_hirise,vit_l,0.50,91.94,mb-change_cls_hirise_vit_l_frac0.50x_lr1e-05_concat_3.log
mb-change_cls_hirise,vit_l,full,94.93,mb-change_cls_hirise_vit_l_lr0.0001_concat_3.log
mb-change_cls_hirise,vit_l,full,95.82,mb-change_cls_hirise_vit_l_lr0.001_concat_3.log
mb-change_cls_hirise,vit_l,full,96.57,mb-change_cls_hirise_vit_l_lr0.01_concat_3.log
mb-domars16k,dinov1_b8,0.01,51.36,mb-domars16k_dinov1_b8_frac0.01x_lr0.0001_concat_3.log
mb-domars16k,dinov1_b8,0.01,66.48,mb-domars16k_dinov1_b8_frac0.01x_lr0.001_concat_3.log
mb-domars16k,dinov1_b8,0.01,7.81,mb-domars16k_dinov1_b8_frac0.01x_lr1e-05_concat_3.log
mb-domars16k,dinov1_b8,0.05,77.63,mb-domars16k_dinov1_b8_frac0.05x_lr0.0001_concat_3.log
mb-domars16k,dinov1_b8,0.05,79.06,mb-domars16k_dinov1_b8_frac0.05x_lr0.001_concat_3.log
mb-domars16k,dinov1_b8,0.05,47.89,mb-domars16k_dinov1_b8_frac0.05x_lr1e-05_concat_3.log
mb-domars16k,dinov1_b8,0.20,84.45,mb-domars16k_dinov1_b8_frac0.20x_lr0.0001_concat_3.log
mb-domars16k,dinov1_b8,0.20,85.69,mb-domars16k_dinov1_b8_frac0.20x_lr0.001_concat_3.log
mb-domars16k,dinov1_b8,0.20,77.2,mb-domars16k_dinov1_b8_frac0.20x_lr1e-05_concat_3.log
mb-domars16k,dinov1_b8,0.50,87.92,mb-domars16k_dinov1_b8_frac0.50x_lr0.0001_concat_3.log
mb-domars16k,dinov1_b8,0.50,88.48,mb-domars16k_dinov1_b8_frac0.50x_lr0.001_concat_3.log
mb-domars16k,dinov1_b8,0.50,83.58,mb-domars16k_dinov1_b8_frac0.50x_lr1e-05_concat_3.log
mb-domars16k,dinov1_b8,full,88.35,mb-domars16k_dinov1_b8_lr0.0001_concat_3.log
mb-domars16k,dinov1_b8,full,88.29,mb-domars16k_dinov1_b8_lr0.001_concat_3.log
mb-domars16k,dinov1_b8,full,86.8,mb-domars16k_dinov1_b8_lr0.01_concat_3.log
mb-domars16k,dinov2_l14,0.01,33.89,mb-domars16k_dinov2_l14_frac0.01x_lr0.0001_concat_3.log
mb-domars16k,dinov2_l14,0.01,51.73,mb-domars16k_dinov2_l14_frac0.01x_lr0.001_concat_3.log
mb-domars16k,dinov2_l14,0.01,7.81,mb-domars16k_dinov2_l14_frac0.01x_lr1e-05_concat_3.log
mb-domars16k,dinov2_l14,0.05,60.72,mb-domars16k_dinov2_l14_frac0.05x_lr0.0001_concat_3.log
mb-domars16k,dinov2_l14,0.05,65.3,mb-domars16k_dinov2_l14_frac0.05x_lr0.001_concat_3.log
mb-domars16k,dinov2_l14,0.05,35.44,mb-domars16k_dinov2_l14_frac0.05x_lr1e-05_concat_3.log
mb-domars16k,dinov2_l14,0.20,72.24,mb-domars16k_dinov2_l14_frac0.20x_lr0.0001_concat_3.log
mb-domars16k,dinov2_l14,0.20,76.89,mb-domars16k_dinov2_l14_frac0.20x_lr0.001_concat_3.log
mb-domars16k,dinov2_l14,0.20,54.15,mb-domars16k_dinov2_l14_frac0.20x_lr1e-05_concat_3.log
mb-domars16k,dinov2_l14,0.50,76.58,mb-domars16k_dinov2_l14_frac0.50x_lr0.0001_concat_3.log
mb-domars16k,dinov2_l14,0.50,78.19,mb-domars16k_dinov2_l14_frac0.50x_lr0.001_concat_3.log
mb-domars16k,dinov2_l14,0.50,63.14,mb-domars16k_dinov2_l14_frac0.50x_lr1e-05_concat_3.log
mb-domars16k,dinov2_l14,full,87.55,mb-domars16k_dinov2_l14_lr0.0001_concat_3.log
mb-domars16k,dinov2_l14,full,88.79,mb-domars16k_dinov2_l14_lr0.001_concat_3.log
mb-domars16k,dinov2_l14,full,86.8,mb-domars16k_dinov2_l14_lr0.01_concat_3.log
mb-domars16k,dinov3_lvd_1cha,0.01,54.4,mb-domars16k_dinov3_lvd_1cha_frac0.01x_lr0.0001_concat_3.log
mb-domars16k,dinov3_lvd_1cha,0.01,65.24,mb-domars16k_dinov3_lvd_1cha_frac0.01x_lr0.001_concat_3.log
mb-domars16k,dinov3_lvd_1cha,0.01,14.99,mb-domars16k_dinov3_lvd_1cha_frac0.01x_lr1e-05_concat_3.log
mb-domars16k,dinov3_lvd_1cha,0.05,74.47,mb-domars16k_dinov3_lvd_1cha_frac0.05x_lr0.0001_concat_3.log
mb-domars16k,dinov3_lvd_1cha,0.05,79.93,mb-domars16k_dinov3_lvd_1cha_frac0.05x_lr0.001_concat_3.log
mb-domars16k,dinov3_lvd_1cha,0.05,59.85,mb-domars16k_dinov3_lvd_1cha_frac0.05x_lr1e-05_concat_3.log
mb-domars16k,dinov3_lvd_1cha,0.20,82.9,mb-domars16k_dinov3_lvd_1cha_frac0.20x_lr0.0001_concat_3.log
mb-domars16k,dinov3_lvd_1cha,0.20,85.07,mb-domars16k_dinov3_lvd_1cha_frac0.20x_lr0.001_concat_3.log
mb-domars16k,dinov3_lvd_1cha,0.20,72.86,mb-domars16k_dinov3_lvd_1cha_frac0.20x_lr1e-05_concat_3.log
mb-domars16k,dinov3_lvd_1cha,0.50,85.69,mb-domars16k_dinov3_lvd_1cha_frac0.50x_lr0.0001_concat_3.log
mb-domars16k,dinov3_lvd_1cha,0.50,87.24,mb-domars16k_dinov3_lvd_1cha_frac0.50x_lr0.001_concat_3.log
mb-domars16k,dinov3_lvd_1cha,0.50,78.0,mb-domars16k_dinov3_lvd_1cha_frac0.50x_lr1e-05_concat_3.log
mb-domars16k,dinov3_lvd_1cha,full,84.82,mb-domars16k_dinov3_lvd_1cha_lr0.0001_concat_3.log
mb-domars16k,dinov3_lvd_1cha,full,88.79,mb-domars16k_dinov3_lvd_1cha_lr0.001_concat_3.log
mb-domars16k,dinov3_lvd_1cha,full,87.55,mb-domars16k_dinov3_lvd_1cha_lr0.01_concat_3.log
mb-domars16k,dinov3_lvd,0.01,57.5,mb-domars16k_dinov3_lvd_frac0.01x_lr0.0001_concat_3.log
mb-domars16k,dinov3_lvd,0.01,65.06,mb-domars16k_dinov3_lvd_frac0.01x_lr0.001_concat_3.log
mb-domars16k,dinov3_lvd,0.01,19.58,mb-domars16k_dinov3_lvd_frac0.01x_lr1e-05_concat_3.log
mb-domars16k,dinov3_lvd,0.05,74.04,mb-domars16k_dinov3_lvd_frac0.05x_lr0.0001_concat_3.log
mb-domars16k,dinov3_lvd,0.05,80.3,mb-domars16k_dinov3_lvd_frac0.05x_lr0.001_concat_3.log
mb-domars16k,dinov3_lvd,0.05,58.36,mb-domars16k_dinov3_lvd_frac0.05x_lr1e-05_concat_3.log
mb-domars16k,dinov3_lvd,0.20,82.4,mb-domars16k_dinov3_lvd_frac0.20x_lr0.0001_concat_3.log
mb-domars16k,dinov3_lvd,0.20,85.69,mb-domars16k_dinov3_lvd_frac0.20x_lr0.001_concat_3.log
mb-domars16k,dinov3_lvd,0.20,72.37,mb-domars16k_dinov3_lvd_frac0.20x_lr1e-05_concat_3.log
mb-domars16k,dinov3_lvd,0.50,85.94,mb-domars16k_dinov3_lvd_frac0.50x_lr0.0001_concat_3.log
mb-domars16k,dinov3_lvd,0.50,87.24,mb-domars16k_dinov3_lvd_frac0.50x_lr0.001_concat_3.log
mb-domars16k,dinov3_lvd,0.50,77.94,mb-domars16k_dinov3_lvd_frac0.50x_lr1e-05_concat_3.log
mb-domars16k,dinov3_lvd,full,84.88,mb-domars16k_dinov3_lvd_lr0.0001_concat_3.log
mb-domars16k,dinov3_lvd,full,86.8,mb-domars16k_dinov3_lvd_lr0.001_concat_3.log
mb-domars16k,dinov3_lvd,full,86.43,mb-domars16k_dinov3_lvd_lr0.01_concat_3.log
mb-domars16k,dinov3_sat_1cha,0.01,48.57,mb-domars16k_dinov3_sat_1cha_frac0.01x_lr0.0001_concat_3.log
mb-domars16k,dinov3_sat_1cha,0.01,61.9,mb-domars16k_dinov3_sat_1cha_frac0.01x_lr0.001_concat_3.log
mb-domars16k,dinov3_sat_1cha,0.01,15.68,mb-domars16k_dinov3_sat_1cha_frac0.01x_lr1e-05_concat_3.log
mb-domars16k,dinov3_sat_1cha,0.05,70.32,mb-domars16k_dinov3_sat_1cha_frac0.05x_lr0.0001_concat_3.log
mb-domars16k,dinov3_sat_1cha,0.05,77.26,mb-domars16k_dinov3_sat_1cha_frac0.05x_lr0.001_concat_3.log
mb-domars16k,dinov3_sat_1cha,0.05,49.81,mb-domars16k_dinov3_sat_1cha_frac0.05x_lr1e-05_concat_3.log
mb-domars16k,dinov3_sat_1cha,0.20,80.24,mb-domars16k_dinov3_sat_1cha_frac0.20x_lr0.0001_concat_3.log
mb-domars16k,dinov3_sat_1cha,0.20,84.01,mb-domars16k_dinov3_sat_1cha_frac0.20x_lr0.001_concat_3.log
mb-domars16k,dinov3_sat_1cha,0.20,68.46,mb-domars16k_dinov3_sat_1cha_frac0.20x_lr1e-05_concat_3.log
mb-domars16k,dinov3_sat_1cha,0.50,85.44,mb-domars16k_dinov3_sat_1cha_frac0.50x_lr0.0001_concat_3.log
mb-domars16k,dinov3_sat_1cha,0.50,88.79,mb-domars16k_dinov3_sat_1cha_frac0.50x_lr0.001_concat_3.log
mb-domars16k,dinov3_sat_1cha,0.50,75.71,mb-domars16k_dinov3_sat_1cha_frac0.50x_lr1e-05_concat_3.log
mb-domars16k,dinov3_sat_1cha,full,83.71,mb-domars16k_dinov3_sat_1cha_lr0.0001_concat_3.log
mb-domars16k,dinov3_sat_1cha,full,88.66,mb-domars16k_dinov3_sat_1cha_lr0.001_concat_3.log
mb-domars16k,dinov3_sat_1cha,full,88.79,mb-domars16k_dinov3_sat_1cha_lr0.01_concat_3.log
mb-domars16k,dinov3_sat,0.01,47.71,mb-domars16k_dinov3_sat_frac0.01x_lr0.0001_concat_3.log
mb-domars16k,dinov3_sat,0.01,58.74,mb-domars16k_dinov3_sat_frac0.01x_lr0.001_concat_3.log
mb-domars16k,dinov3_sat,0.01,14.62,mb-domars16k_dinov3_sat_frac0.01x_lr1e-05_concat_3.log
mb-domars16k,dinov3_sat,0.05,71.81,mb-domars16k_dinov3_sat_frac0.05x_lr0.0001_concat_3.log
mb-domars16k,dinov3_sat,0.05,77.45,mb-domars16k_dinov3_sat_frac0.05x_lr0.001_concat_3.log
mb-domars16k,dinov3_sat,0.05,48.45,mb-domars16k_dinov3_sat_frac0.05x_lr1e-05_concat_3.log
mb-domars16k,dinov3_sat,0.20,81.54,mb-domars16k_dinov3_sat_frac0.20x_lr0.0001_concat_3.log
mb-domars16k,dinov3_sat,0.20,84.63,mb-domars16k_dinov3_sat_frac0.20x_lr0.001_concat_3.log
mb-domars16k,dinov3_sat,0.20,70.26,mb-domars16k_dinov3_sat_frac0.20x_lr1e-05_concat_3.log
mb-domars16k,dinov3_sat,0.50,85.63,mb-domars16k_dinov3_sat_frac0.50x_lr0.0001_concat_3.log
mb-domars16k,dinov3_sat,0.50,88.1,mb-domars16k_dinov3_sat_frac0.50x_lr0.001_concat_3.log
mb-domars16k,dinov3_sat,0.50,76.15,mb-domars16k_dinov3_sat_frac0.50x_lr1e-05_concat_3.log
mb-domars16k,dinov3_sat,full,84.45,mb-domars16k_dinov3_sat_lr0.0001_concat_3.log
mb-domars16k,dinov3_sat,full,89.53,mb-domars16k_dinov3_sat_lr0.001_concat_3.log
mb-domars16k,dinov3_sat,full,88.35,mb-domars16k_dinov3_sat_lr0.01_concat_3.log
mb-domars16k,mars_mae,0.01,37.42,mb-domars16k_mars_mae_frac0.01x_lr0.0001_concat_3.log
mb-domars16k,mars_mae,0.01,55.82,mb-domars16k_mars_mae_frac0.01x_lr0.001_concat_3.log
mb-domars16k,mars_mae,0.01,10.53,mb-domars16k_mars_mae_frac0.01x_lr1e-05_concat_3.log
mb-domars16k,mars_mae,0.05,71.5,mb-domars16k_mars_mae_frac0.05x_lr0.0001_concat_3.log
mb-domars16k,mars_mae,0.05,79.24,mb-domars16k_mars_mae_frac0.05x_lr0.001_concat_3.log
mb-domars16k,mars_mae,0.05,33.83,mb-domars16k_mars_mae_frac0.05x_lr1e-05_concat_3.log
mb-domars16k,mars_mae,0.20,79.55,mb-domars16k_mars_mae_frac0.20x_lr0.0001_concat_3.log
mb-domars16k,mars_mae,0.20,84.39,mb-domars16k_mars_mae_frac0.20x_lr0.001_concat_3.log
mb-domars16k,mars_mae,0.20,64.13,mb-domars16k_mars_mae_frac0.20x_lr1e-05_concat_3.log
mb-domars16k,mars_mae,0.50,84.51,mb-domars16k_mars_mae_frac0.50x_lr0.0001_concat_3.log
mb-domars16k,mars_mae,0.50,86.37,mb-domars16k_mars_mae_frac0.50x_lr0.001_concat_3.log
mb-domars16k,mars_mae,0.50,72.24,mb-domars16k_mars_mae_frac0.50x_lr1e-05_concat_3.log
mb-domars16k,mars_mae,full,83.21,mb-domars16k_mars_mae_lr0.0001_concat_3.log
mb-domars16k,mars_mae,full,86.12,mb-domars16k_mars_mae_lr0.001_concat_3.log
mb-domars16k,mars_mae,full,85.63,mb-domars16k_mars_mae_lr0.01_concat_3.log
mb-domars16k,openclip,0.01,43.12,mb-domars16k_openclip_frac0.01x_lr0.0001_concat_3.log
mb-domars16k,openclip,0.01,63.2,mb-domars16k_openclip_frac0.01x_lr0.001_concat_3.log
mb-domars16k,openclip,0.01,8.12,mb-domars16k_openclip_frac0.01x_lr1e-05_concat_3.log
mb-domars16k,openclip,0.05,75.22,mb-domars16k_openclip_frac0.05x_lr0.0001_concat_3.log
mb-domars16k,openclip,0.05,78.25,mb-domars16k_openclip_frac0.05x_lr0.001_concat_3.log
mb-domars16k,openclip,0.05,47.46,mb-domars16k_openclip_frac0.05x_lr1e-05_concat_3.log
mb-domars16k,openclip,0.20,82.96,mb-domars16k_openclip_frac0.20x_lr0.0001_concat_3.log
mb-domars16k,openclip,0.20,84.08,mb-domars16k_openclip_frac0.20x_lr0.001_concat_3.log
mb-domars16k,openclip,0.20,71.93,mb-domars16k_openclip_frac0.20x_lr1e-05_concat_3.log
mb-domars16k,openclip,0.50,85.25,mb-domars16k_openclip_frac0.50x_lr0.0001_concat_3.log
mb-domars16k,openclip,0.50,86.56,mb-domars16k_openclip_frac0.50x_lr0.001_concat_3.log
mb-domars16k,openclip,0.50,77.26,mb-domars16k_openclip_frac0.50x_lr1e-05_concat_3.log
mb-domars16k,openclip,full,84.82,mb-domars16k_openclip_lr0.0001_concat_3.log
mb-domars16k,openclip,full,86.8,mb-domars16k_openclip_lr0.001_concat_3.log
mb-domars16k,openclip,full,85.5,mb-domars16k_openclip_lr0.01_concat_3.log
mb-domars16k,satmae,0.01,31.29,mb-domars16k_satmae_frac0.01x_lr0.0001_concat_3.log
mb-domars16k,satmae,0.01,55.02,mb-domars16k_satmae_frac0.01x_lr0.001_concat_3.log
mb-domars16k,satmae,0.01,11.83,mb-domars16k_satmae_frac0.01x_lr1e-05_concat_3.log
mb-domars16k,satmae,0.05,66.98,mb-domars16k_satmae_frac0.05x_lr0.0001_concat_3.log
mb-domars16k,satmae,0.05,68.03,mb-domars16k_satmae_frac0.05x_lr0.001_concat_3.log
mb-domars16k,satmae,0.05,42.94,mb-domars16k_satmae_frac0.05x_lr1e-05_concat_3.log
mb-domars16k,satmae,0.20,75.46,mb-domars16k_satmae_frac0.20x_lr0.0001_concat_3.log
mb-domars16k,satmae,0.20,78.38,mb-domars16k_satmae_frac0.20x_lr0.001_concat_3.log
mb-domars16k,satmae,0.20,63.51,mb-domars16k_satmae_frac0.20x_lr1e-05_concat_3.log
mb-domars16k,satmae,0.50,81.1,mb-domars16k_satmae_frac0.50x_lr0.0001_concat_3.log
mb-domars16k,satmae,0.50,81.1,mb-domars16k_satmae_frac0.50x_lr0.001_concat_3.log
mb-domars16k,satmae,0.50,68.22,mb-domars16k_satmae_frac0.50x_lr1e-05_concat_3.log
mb-domars16k,satmae,full,78.75,mb-domars16k_satmae_lr0.0001_concat_3.log
mb-domars16k,satmae,full,84.08,mb-domars16k_satmae_lr0.001_concat_3.log
mb-domars16k,satmae,full,82.28,mb-domars16k_satmae_lr0.01_concat_3.log
mb-domars16k,scale_mae,full,59.23,mb-domars16k_scale_mae_lr0.0001_concat_3.log
mb-domars16k,scale_mae,full,64.19,mb-domars16k_scale_mae_lr0.001_concat_3.log
mb-domars16k,scale_mae,full,64.75,mb-domars16k_scale_mae_lr0.01_concat_3.log
mb-domars16k,siglip2,0.01,33.21,mb-domars16k_siglip2_frac0.01x_lr0.0001_concat_3.log
mb-domars16k,siglip2,0.01,51.36,mb-domars16k_siglip2_frac0.01x_lr0.001_concat_3.log
mb-domars16k,siglip2,0.01,6.32,mb-domars16k_siglip2_frac0.01x_lr1e-05_concat_3.log
mb-domars16k,siglip2,0.05,67.41,mb-domars16k_siglip2_frac0.05x_lr0.0001_concat_3.log
mb-domars16k,siglip2,0.05,72.8,mb-domars16k_siglip2_frac0.05x_lr0.001_concat_3.log
mb-domars16k,siglip2,0.05,36.93,mb-domars16k_siglip2_frac0.05x_lr1e-05_concat_3.log
mb-domars16k,siglip2,0.20,79.55,mb-domars16k_siglip2_frac0.20x_lr0.0001_concat_3.log
mb-domars16k,siglip2,0.20,83.33,mb-domars16k_siglip2_frac0.20x_lr0.001_concat_3.log
mb-domars16k,siglip2,0.20,61.03,mb-domars16k_siglip2_frac0.20x_lr1e-05_concat_3.log
mb-domars16k,siglip2,0.50,82.9,mb-domars16k_siglip2_frac0.50x_lr0.0001_concat_3.log
mb-domars16k,siglip2,0.50,81.72,mb-domars16k_siglip2_frac0.50x_lr0.001_concat_3.log
mb-domars16k,siglip2,0.50,69.95,mb-domars16k_siglip2_frac0.50x_lr1e-05_concat_3.log
mb-domars16k,siglip2,full,79.68,mb-domars16k_siglip2_lr0.0001_concat_3.log
mb-domars16k,siglip2,full,84.39,mb-domars16k_siglip2_lr0.001_concat_3.log
mb-domars16k,siglip2,full,84.45,mb-domars16k_siglip2_lr0.01_concat_3.log
mb-domars16k,swin_v2,0.01,51.61,mb-domars16k_swin_v2_frac0.01x_lr0.0001_concat_3.log
mb-domars16k,swin_v2,0.01,61.03,mb-domars16k_swin_v2_frac0.01x_lr0.001_concat_3.log
mb-domars16k,swin_v2,0.01,8.36,mb-domars16k_swin_v2_frac0.01x_lr1e-05_concat_3.log
mb-domars16k,swin_v2,0.05,69.7,mb-domars16k_swin_v2_frac0.05x_lr0.0001_concat_3.log
mb-domars16k,swin_v2,0.05,73.17,mb-domars16k_swin_v2_frac0.05x_lr0.001_concat_3.log
mb-domars16k,swin_v2,0.05,46.72,mb-domars16k_swin_v2_frac0.05x_lr1e-05_concat_3.log
mb-domars16k,swin_v2,0.20,78.13,mb-domars16k_swin_v2_frac0.20x_lr0.0001_concat_3.log
mb-domars16k,swin_v2,0.20,80.67,mb-domars16k_swin_v2_frac0.20x_lr0.001_concat_3.log
mb-domars16k,swin_v2,0.20,68.4,mb-domars16k_swin_v2_frac0.20x_lr1e-05_concat_3.log
mb-domars16k,swin_v2,0.50,80.98,mb-domars16k_swin_v2_frac0.50x_lr0.0001_concat_3.log
mb-domars16k,swin_v2,0.50,82.03,mb-domars16k_swin_v2_frac0.50x_lr0.001_concat_3.log
mb-domars16k,swin_v2,0.50,73.79,mb-domars16k_swin_v2_frac0.50x_lr1e-05_concat_3.log
mb-domars16k,swin_v2,full,80.92,mb-domars16k_swin_v2_lr0.0001_concat_3.log
mb-domars16k,swin_v2,full,82.59,mb-domars16k_swin_v2_lr0.001_concat_3.log
mb-domars16k,swin_v2,full,81.29,mb-domars16k_swin_v2_lr0.01_concat_3.log
mb-domars16k,vit_l,0.01,44.98,mb-domars16k_vit_l_frac0.01x_lr0.0001_concat_3.log
mb-domars16k,vit_l,0.01,60.78,mb-domars16k_vit_l_frac0.01x_lr0.001_concat_3.log
mb-domars16k,vit_l,0.01,13.57,mb-domars16k_vit_l_frac0.01x_lr1e-05_concat_3.log
mb-domars16k,vit_l,0.05,76.15,mb-domars16k_vit_l_frac0.05x_lr0.0001_concat_3.log
mb-domars16k,vit_l,0.05,78.13,mb-domars16k_vit_l_frac0.05x_lr0.001_concat_3.log
mb-domars16k,vit_l,0.05,56.44,mb-domars16k_vit_l_frac0.05x_lr1e-05_concat_3.log
mb-domars16k,vit_l,0.20,83.77,mb-domars16k_vit_l_frac0.20x_lr0.0001_concat_3.log
mb-domars16k,vit_l,0.20,83.46,mb-domars16k_vit_l_frac0.20x_lr0.001_concat_3.log
mb-domars16k,vit_l,0.20,75.96,mb-domars16k_vit_l_frac0.20x_lr1e-05_concat_3.log
mb-domars16k,vit_l,0.50,86.31,mb-domars16k_vit_l_frac0.50x_lr0.0001_concat_3.log
mb-domars16k,vit_l,0.50,85.69,mb-domars16k_vit_l_frac0.50x_lr0.001_concat_3.log
mb-domars16k,vit_l,0.50,80.17,mb-domars16k_vit_l_frac0.50x_lr1e-05_concat_3.log
mb-domars16k,vit_l,full,86.12,mb-domars16k_vit_l_lr0.0001_concat_3.log
mb-domars16k,vit_l,full,87.86,mb-domars16k_vit_l_lr0.001_concat_3.log
mb-domars16k,vit_l,full,87.36,mb-domars16k_vit_l_lr0.01_concat_3.log
mb-frost_cls,dinov1_b8,0.01,98.29,mb-frost_cls_dinov1_b8_frac0.01x_lr0.0001_concat_3.log
mb-frost_cls,dinov1_b8,0.01,97.02,mb-frost_cls_dinov1_b8_frac0.01x_lr0.001_concat_3.log
mb-frost_cls,dinov1_b8,0.01,63.35,mb-frost_cls_dinov1_b8_frac0.01x_lr1e-05_concat_3.log
mb-frost_cls,dinov1_b8,0.05,97.57,mb-frost_cls_dinov1_b8_frac0.05x_lr0.0001_concat_3.log
mb-frost_cls,dinov1_b8,0.05,97.26,mb-frost_cls_dinov1_b8_frac0.05x_lr0.001_concat_3.log
mb-frost_cls,dinov1_b8,0.05,97.63,mb-frost_cls_dinov1_b8_frac0.05x_lr1e-05_concat_3.log
mb-frost_cls,dinov1_b8,0.20,98.84,mb-frost_cls_dinov1_b8_frac0.20x_lr0.0001_concat_3.log
mb-frost_cls,dinov1_b8,0.20,98.04,mb-frost_cls_dinov1_b8_frac0.20x_lr0.001_concat_3.log
mb-frost_cls,dinov1_b8,0.20,97.27,mb-frost_cls_dinov1_b8_frac0.20x_lr1e-05_concat_3.log
mb-frost_cls,dinov1_b8,0.50,97.54,mb-frost_cls_dinov1_b8_frac0.50x_lr0.0001_concat_3.log
mb-frost_cls,dinov1_b8,0.50,97.54,mb-frost_cls_dinov1_b8_frac0.50x_lr0.001_concat_3.log
mb-frost_cls,dinov1_b8,0.50,97.01,mb-frost_cls_dinov1_b8_frac0.50x_lr1e-05_concat_3.log
mb-frost_cls,dinov1_b8,full,97.29,mb-frost_cls_dinov1_b8_lr0.0001_concat_3.log
mb-frost_cls,dinov1_b8,full,96.87,mb-frost_cls_dinov1_b8_lr0.001_concat_3.log
mb-frost_cls,dinov1_b8,full,96.36,mb-frost_cls_dinov1_b8_lr0.01_concat_3.log
mb-frost_cls,dinov2_l14,0.01,84.47,mb-frost_cls_dinov2_l14_frac0.01x_lr0.0001_concat_3.log
mb-frost_cls,dinov2_l14,0.01,92.11,mb-frost_cls_dinov2_l14_frac0.01x_lr0.001_concat_3.log
mb-frost_cls,dinov2_l14,0.01,59.56,mb-frost_cls_dinov2_l14_frac0.01x_lr1e-05_concat_3.log
mb-frost_cls,dinov2_l14,0.05,92.75,mb-frost_cls_dinov2_l14_frac0.05x_lr0.0001_concat_3.log
mb-frost_cls,dinov2_l14,0.05,94.03,mb-frost_cls_dinov2_l14_frac0.05x_lr0.001_concat_3.log
mb-frost_cls,dinov2_l14,0.05,77.7,mb-frost_cls_dinov2_l14_frac0.05x_lr1e-05_concat_3.log
mb-frost_cls,dinov2_l14,0.20,94.42,mb-frost_cls_dinov2_l14_frac0.20x_lr0.0001_concat_3.log
mb-frost_cls,dinov2_l14,0.20,94.73,mb-frost_cls_dinov2_l14_frac0.20x_lr0.001_concat_3.log
mb-frost_cls,dinov2_l14,0.20,90.72,mb-frost_cls_dinov2_l14_frac0.20x_lr1e-05_concat_3.log
mb-frost_cls,dinov2_l14,0.50,95.18,mb-frost_cls_dinov2_l14_frac0.50x_lr0.0001_concat_3.log
mb-frost_cls,dinov2_l14,0.50,95.78,mb-frost_cls_dinov2_l14_frac0.50x_lr0.001_concat_3.log
mb-frost_cls,dinov2_l14,0.50,93.46,mb-frost_cls_dinov2_l14_frac0.50x_lr1e-05_concat_3.log
mb-frost_cls,dinov2_l14,full,96.26,mb-frost_cls_dinov2_l14_lr0.0001_concat_3.log
mb-frost_cls,dinov2_l14,full,96.0,mb-frost_cls_dinov2_l14_lr0.001_concat_3.log
mb-frost_cls,dinov2_l14,full,96.15,mb-frost_cls_dinov2_l14_lr0.01_concat_3.log
mb-frost_cls,dinov3_lvd_1cha,0.01,96.29,mb-frost_cls_dinov3_lvd_1cha_frac0.01x_lr0.0001_concat_3.log
mb-frost_cls,dinov3_lvd_1cha,0.01,96.17,mb-frost_cls_dinov3_lvd_1cha_frac0.01x_lr0.001_concat_3.log
mb-frost_cls,dinov3_lvd_1cha,0.01,83.89,mb-frost_cls_dinov3_lvd_1cha_frac0.01x_lr1e-05_concat_3.log
mb-frost_cls,dinov3_lvd_1cha,0.05,96.68,mb-frost_cls_dinov3_lvd_1cha_frac0.05x_lr0.0001_concat_3.log
mb-frost_cls,dinov3_lvd_1cha,0.05,96.78,mb-frost_cls_dinov3_lvd_1cha_frac0.05x_lr0.001_concat_3.log
mb-frost_cls,dinov3_lvd_1cha,0.05,94.79,mb-frost_cls_dinov3_lvd_1cha_frac0.05x_lr1e-05_concat_3.log
mb-frost_cls,dinov3_lvd_1cha,0.20,97.04,mb-frost_cls_dinov3_lvd_1cha_frac0.20x_lr0.0001_concat_3.log
mb-frost_cls,dinov3_lvd_1cha,0.20,97.14,mb-frost_cls_dinov3_lvd_1cha_frac0.20x_lr0.001_concat_3.log
mb-frost_cls,dinov3_lvd_1cha,0.20,96.63,mb-frost_cls_dinov3_lvd_1cha_frac0.20x_lr1e-05_concat_3.log
mb-frost_cls,dinov3_lvd_1cha,0.50,97.04,mb-frost_cls_dinov3_lvd_1cha_frac0.50x_lr0.0001_concat_3.log
mb-frost_cls,dinov3_lvd_1cha,0.50,97.57,mb-frost_cls_dinov3_lvd_1cha_frac0.50x_lr0.001_concat_3.log
mb-frost_cls,dinov3_lvd_1cha,0.50,96.86,mb-frost_cls_dinov3_lvd_1cha_frac0.50x_lr1e-05_concat_3.log
mb-frost_cls,dinov3_lvd_1cha,full,96.55,mb-frost_cls_dinov3_lvd_1cha_lr0.0001_concat_3.log
mb-frost_cls,dinov3_lvd_1cha,full,97.1,mb-frost_cls_dinov3_lvd_1cha_lr0.001_concat_3.log
mb-frost_cls,dinov3_lvd_1cha,full,97.58,mb-frost_cls_dinov3_lvd_1cha_lr0.01_concat_3.log
mb-frost_cls,dinov3_lvd,0.01,95.93,mb-frost_cls_dinov3_lvd_frac0.01x_lr0.0001_concat_3.log
mb-frost_cls,dinov3_lvd,0.01,96.88,mb-frost_cls_dinov3_lvd_frac0.01x_lr0.001_concat_3.log
mb-frost_cls,dinov3_lvd,0.01,86.26,mb-frost_cls_dinov3_lvd_frac0.01x_lr1e-05_concat_3.log
mb-frost_cls,dinov3_lvd,0.05,96.82,mb-frost_cls_dinov3_lvd_frac0.05x_lr0.0001_concat_3.log
mb-frost_cls,dinov3_lvd,0.05,97.02,mb-frost_cls_dinov3_lvd_frac0.05x_lr0.001_concat_3.log
mb-frost_cls,dinov3_lvd,0.05,94.63,mb-frost_cls_dinov3_lvd_frac0.05x_lr1e-05_concat_3.log
mb-frost_cls,dinov3_lvd,0.20,97.09,mb-frost_cls_dinov3_lvd_frac0.20x_lr0.0001_concat_3.log
mb-frost_cls,dinov3_lvd,0.20,97.21,mb-frost_cls_dinov3_lvd_frac0.20x_lr0.001_concat_3.log
mb-frost_cls,dinov3_lvd,0.20,96.51,mb-frost_cls_dinov3_lvd_frac0.20x_lr1e-05_concat_3.log
mb-frost_cls,dinov3_lvd,0.50,96.97,mb-frost_cls_dinov3_lvd_frac0.50x_lr0.0001_concat_3.log
mb-frost_cls,dinov3_lvd,0.50,97.8,mb-frost_cls_dinov3_lvd_frac0.50x_lr0.001_concat_3.log
mb-frost_cls,dinov3_lvd,0.50,96.8,mb-frost_cls_dinov3_lvd_frac0.50x_lr1e-05_concat_3.log
mb-frost_cls,dinov3_lvd,full,96.52,mb-frost_cls_dinov3_lvd_lr0.0001_concat_3.log
mb-frost_cls,dinov3_lvd,full,97.4,mb-frost_cls_dinov3_lvd_lr0.001_concat_3.log
mb-frost_cls,dinov3_lvd,full,97.67,mb-frost_cls_dinov3_lvd_lr0.01_concat_3.log
mb-frost_cls,dinov3_sat_1cha,0.01,98.26,mb-frost_cls_dinov3_sat_1cha_frac0.01x_lr0.0001_concat_3.log
mb-frost_cls,dinov3_sat_1cha,0.01,98.79,mb-frost_cls_dinov3_sat_1cha_frac0.01x_lr0.001_concat_3.log
mb-frost_cls,dinov3_sat_1cha,0.01,90.86,mb-frost_cls_dinov3_sat_1cha_frac0.01x_lr1e-05_concat_3.log
mb-frost_cls,dinov3_sat_1cha,0.05,98.47,mb-frost_cls_dinov3_sat_1cha_frac0.05x_lr0.0001_concat_3.log
mb-frost_cls,dinov3_sat_1cha,0.05,98.83,mb-frost_cls_dinov3_sat_1cha_frac0.05x_lr0.001_concat_3.log
mb-frost_cls,dinov3_sat_1cha,0.05,97.86,mb-frost_cls_dinov3_sat_1cha_frac0.05x_lr1e-05_concat_3.log
mb-frost_cls,dinov3_sat_1cha,0.20,98.66,mb-frost_cls_dinov3_sat_1cha_frac0.20x_lr0.0001_concat_3.log
mb-frost_cls,dinov3_sat_1cha,0.20,99.13,mb-frost_cls_dinov3_sat_1cha_frac0.20x_lr0.001_concat_3.log
mb-frost_cls,dinov3_sat_1cha,0.20,98.76,mb-frost_cls_dinov3_sat_1cha_frac0.20x_lr1e-05_concat_3.log
mb-frost_cls,dinov3_sat_1cha,0.50,98.49,mb-frost_cls_dinov3_sat_1cha_frac0.50x_lr0.0001_concat_3.log
mb-frost_cls,dinov3_sat_1cha,0.50,98.48,mb-frost_cls_dinov3_sat_1cha_frac0.50x_lr0.001_concat_3.log
mb-frost_cls,dinov3_sat_1cha,0.50,98.67,mb-frost_cls_dinov3_sat_1cha_frac0.50x_lr1e-05_concat_3.log
mb-frost_cls,dinov3_sat_1cha,full,98.76,mb-frost_cls_dinov3_sat_1cha_lr0.0001_concat_3.log
mb-frost_cls,dinov3_sat_1cha,full,98.81,mb-frost_cls_dinov3_sat_1cha_lr0.001_concat_3.log
mb-frost_cls,dinov3_sat_1cha,full,98.56,mb-frost_cls_dinov3_sat_1cha_lr0.01_concat_3.log
mb-frost_cls,dinov3_sat,0.01,98.84,mb-frost_cls_dinov3_sat_frac0.01x_lr0.0001_concat_3.log
mb-frost_cls,dinov3_sat,0.01,99.1,mb-frost_cls_dinov3_sat_frac0.01x_lr0.001_concat_3.log
mb-frost_cls,dinov3_sat,0.01,81.94,mb-frost_cls_dinov3_sat_frac0.01x_lr1e-05_concat_3.log
mb-frost_cls,dinov3_sat,0.05,99.09,mb-frost_cls_dinov3_sat_frac0.05x_lr0.0001_concat_3.log
mb-frost_cls,dinov3_sat,0.05,99.04,mb-frost_cls_dinov3_sat_frac0.05x_lr0.001_concat_3.log
mb-frost_cls,dinov3_sat,0.05,98.64,mb-frost_cls_dinov3_sat_frac0.05x_lr1e-05_concat_3.log
mb-frost_cls,dinov3_sat,0.20,99.11,mb-frost_cls_dinov3_sat_frac0.20x_lr0.0001_concat_3.log
mb-frost_cls,dinov3_sat,0.20,99.38,mb-frost_cls_dinov3_sat_frac0.20x_lr0.001_concat_3.log
mb-frost_cls,dinov3_sat,0.20,99.21,mb-frost_cls_dinov3_sat_frac0.20x_lr1e-05_concat_3.log
mb-frost_cls,dinov3_sat,0.50,99.36,mb-frost_cls_dinov3_sat_frac0.50x_lr0.0001_concat_3.log
mb-frost_cls,dinov3_sat,0.50,99.6,mb-frost_cls_dinov3_sat_frac0.50x_lr0.001_concat_3.log
mb-frost_cls,dinov3_sat,0.50,99.1,mb-frost_cls_dinov3_sat_frac0.50x_lr1e-05_concat_3.log
mb-frost_cls,dinov3_sat,full,99.16,mb-frost_cls_dinov3_sat_lr0.0001_concat_3.log
mb-frost_cls,dinov3_sat,full,99.62,mb-frost_cls_dinov3_sat_lr0.001_concat_3.log
mb-frost_cls,dinov3_sat,full,99.53,mb-frost_cls_dinov3_sat_lr0.01_concat_3.log
mb-frost_cls,mars_mae,0.01,91.97,mb-frost_cls_mars_mae_frac0.01x_lr0.0001_concat_3.log
mb-frost_cls,mars_mae,0.01,95.26,mb-frost_cls_mars_mae_frac0.01x_lr0.001_concat_3.log
mb-frost_cls,mars_mae,0.01,60.62,mb-frost_cls_mars_mae_frac0.01x_lr1e-05_concat_3.log
mb-frost_cls,mars_mae,0.05,95.82,mb-frost_cls_mars_mae_frac0.05x_lr0.0001_concat_3.log
mb-frost_cls,mars_mae,0.05,96.41,mb-frost_cls_mars_mae_frac0.05x_lr0.001_concat_3.log
mb-frost_cls,mars_mae,0.05,88.26,mb-frost_cls_mars_mae_frac0.05x_lr1e-05_concat_3.log
mb-frost_cls,mars_mae,0.20,96.33,mb-frost_cls_mars_mae_frac0.20x_lr0.0001_concat_3.log
mb-frost_cls,mars_mae,0.20,96.94,mb-frost_cls_mars_mae_frac0.20x_lr0.001_concat_3.log
mb-frost_cls,mars_mae,0.20,94.81,mb-frost_cls_mars_mae_frac0.20x_lr1e-05_concat_3.log
mb-frost_cls,mars_mae,0.50,96.82,mb-frost_cls_mars_mae_frac0.50x_lr0.0001_concat_3.log
mb-frost_cls,mars_mae,0.50,96.18,mb-frost_cls_mars_mae_frac0.50x_lr0.001_concat_3.log
mb-frost_cls,mars_mae,0.50,96.28,mb-frost_cls_mars_mae_frac0.50x_lr1e-05_concat_3.log
mb-frost_cls,mars_mae,full,95.6,mb-frost_cls_mars_mae_lr0.0001_concat_3.log
mb-frost_cls,mars_mae,full,95.71,mb-frost_cls_mars_mae_lr0.001_concat_3.log
mb-frost_cls,mars_mae,full,96.13,mb-frost_cls_mars_mae_lr0.01_concat_3.log
mb-frost_cls,openclip,0.01,95.63,mb-frost_cls_openclip_frac0.01x_lr0.0001_concat_3.log
mb-frost_cls,openclip,0.01,94.65,mb-frost_cls_openclip_frac0.01x_lr0.001_concat_3.log
mb-frost_cls,openclip,0.01,64.01,mb-frost_cls_openclip_frac0.01x_lr1e-05_concat_3.log
mb-frost_cls,openclip,0.05,96.37,mb-frost_cls_openclip_frac0.05x_lr0.0001_concat_3.log
mb-frost_cls,openclip,0.05,96.85,mb-frost_cls_openclip_frac0.05x_lr0.001_concat_3.log
mb-frost_cls,openclip,0.05,93.95,mb-frost_cls_openclip_frac0.05x_lr1e-05_concat_3.log
mb-frost_cls,openclip,0.20,97.31,mb-frost_cls_openclip_frac0.20x_lr0.0001_concat_3.log
mb-frost_cls,openclip,0.20,97.09,mb-frost_cls_openclip_frac0.20x_lr0.001_concat_3.log
mb-frost_cls,openclip,0.20,95.26,mb-frost_cls_openclip_frac0.20x_lr1e-05_concat_3.log
mb-frost_cls,openclip,0.50,97.48,mb-frost_cls_openclip_frac0.50x_lr0.0001_concat_3.log
mb-frost_cls,openclip,0.50,97.08,mb-frost_cls_openclip_frac0.50x_lr0.001_concat_3.log
mb-frost_cls,openclip,0.50,97.43,mb-frost_cls_openclip_frac0.50x_lr1e-05_concat_3.log
mb-frost_cls,openclip,full,97.22,mb-frost_cls_openclip_lr0.0001_concat_3.log
mb-frost_cls,openclip,full,97.08,mb-frost_cls_openclip_lr0.001_concat_3.log
mb-frost_cls,openclip,full,96.72,mb-frost_cls_openclip_lr0.01_concat_3.log
mb-frost_cls,satmae,0.01,94.68,mb-frost_cls_satmae_frac0.01x_lr0.0001_concat_3.log
mb-frost_cls,satmae,0.01,95.95,mb-frost_cls_satmae_frac0.01x_lr0.001_concat_3.log
mb-frost_cls,satmae,0.01,86.97,mb-frost_cls_satmae_frac0.01x_lr1e-05_concat_3.log
mb-frost_cls,satmae,0.05,95.27,mb-frost_cls_satmae_frac0.05x_lr0.0001_concat_3.log
mb-frost_cls,satmae,0.05,95.89,mb-frost_cls_satmae_frac0.05x_lr0.001_concat_3.log
mb-frost_cls,satmae,0.05,88.22,mb-frost_cls_satmae_frac0.05x_lr1e-05_concat_3.log
mb-frost_cls,satmae,0.20,95.78,mb-frost_cls_satmae_frac0.20x_lr0.0001_concat_3.log
mb-frost_cls,satmae,0.20,95.74,mb-frost_cls_satmae_frac0.20x_lr0.001_concat_3.log
mb-frost_cls,satmae,0.20,94.63,mb-frost_cls_satmae_frac0.20x_lr1e-05_concat_3.log
mb-frost_cls,satmae,0.50,96.2,mb-frost_cls_satmae_frac0.50x_lr0.0001_concat_3.log
mb-frost_cls,satmae,0.50,96.29,mb-frost_cls_satmae_frac0.50x_lr0.001_concat_3.log
mb-frost_cls,satmae,0.50,95.26,mb-frost_cls_satmae_frac0.50x_lr1e-05_concat_3.log
mb-frost_cls,satmae,full,95.62,mb-frost_cls_satmae_lr0.0001_concat_3.log
mb-frost_cls,satmae,full,96.06,mb-frost_cls_satmae_lr0.001_concat_3.log
mb-frost_cls,satmae,full,95.5,mb-frost_cls_satmae_lr0.01_concat_3.log
mb-frost_cls,scale_mae,full,96.1,mb-frost_cls_scale_mae_lr0.0001_concat_3.log
mb-frost_cls,scale_mae,full,96.71,mb-frost_cls_scale_mae_lr0.001_concat_3.log
mb-frost_cls,scale_mae,full,95.88,mb-frost_cls_scale_mae_lr0.01_concat_3.log
mb-frost_cls,siglip2,0.01,92.63,mb-frost_cls_siglip2_frac0.01x_lr0.0001_concat_3.log
mb-frost_cls,siglip2,0.01,94.22,mb-frost_cls_siglip2_frac0.01x_lr0.001_concat_3.log
mb-frost_cls,siglip2,0.01,81.04,mb-frost_cls_siglip2_frac0.01x_lr1e-05_concat_3.log
mb-frost_cls,siglip2,0.05,95.83,mb-frost_cls_siglip2_frac0.05x_lr0.0001_concat_3.log
mb-frost_cls,siglip2,0.05,96.2,mb-frost_cls_siglip2_frac0.05x_lr0.001_concat_3.log
mb-frost_cls,siglip2,0.05,89.49,mb-frost_cls_siglip2_frac0.05x_lr1e-05_concat_3.log
mb-frost_cls,siglip2,0.20,95.91,mb-frost_cls_siglip2_frac0.20x_lr0.0001_concat_3.log
mb-frost_cls,siglip2,0.20,96.15,mb-frost_cls_siglip2_frac0.20x_lr0.001_concat_3.log
mb-frost_cls,siglip2,0.20,93.89,mb-frost_cls_siglip2_frac0.20x_lr1e-05_concat_3.log
mb-frost_cls,siglip2,0.50,96.31,mb-frost_cls_siglip2_frac0.50x_lr0.0001_concat_3.log
mb-frost_cls,siglip2,0.50,96.38,mb-frost_cls_siglip2_frac0.50x_lr0.001_concat_3.log
mb-frost_cls,siglip2,0.50,95.87,mb-frost_cls_siglip2_frac0.50x_lr1e-05_concat_3.log
mb-frost_cls,siglip2,full,96.17,mb-frost_cls_siglip2_lr0.0001_concat_3.log
mb-frost_cls,siglip2,full,96.15,mb-frost_cls_siglip2_lr0.001_concat_3.log
mb-frost_cls,siglip2,full,96.33,mb-frost_cls_siglip2_lr0.01_concat_3.log
mb-frost_cls,swin_v2,0.01,93.94,mb-frost_cls_swin_v2_frac0.01x_lr0.0001_concat_3.log
mb-frost_cls,swin_v2,0.01,95.49,mb-frost_cls_swin_v2_frac0.01x_lr0.001_concat_3.log
mb-frost_cls,swin_v2,0.01,86.48,mb-frost_cls_swin_v2_frac0.01x_lr1e-05_concat_3.log
mb-frost_cls,swin_v2,0.05,96.63,mb-frost_cls_swin_v2_frac0.05x_lr0.0001_concat_3.log
mb-frost_cls,swin_v2,0.05,96.51,mb-frost_cls_swin_v2_frac0.05x_lr0.001_concat_3.log
mb-frost_cls,swin_v2,0.05,92.24,mb-frost_cls_swin_v2_frac0.05x_lr1e-05_concat_3.log
mb-frost_cls,swin_v2,0.20,96.92,mb-frost_cls_swin_v2_frac0.20x_lr0.0001_concat_3.log
mb-frost_cls,swin_v2,0.20,96.77,mb-frost_cls_swin_v2_frac0.20x_lr0.001_concat_3.log
mb-frost_cls,swin_v2,0.20,95.89,mb-frost_cls_swin_v2_frac0.20x_lr1e-05_concat_3.log
mb-frost_cls,swin_v2,0.50,96.91,mb-frost_cls_swin_v2_frac0.50x_lr0.0001_concat_3.log
mb-frost_cls,swin_v2,0.50,97.05,mb-frost_cls_swin_v2_frac0.50x_lr0.001_concat_3.log
mb-frost_cls,swin_v2,0.50,96.8,mb-frost_cls_swin_v2_frac0.50x_lr1e-05_concat_3.log
mb-frost_cls,swin_v2,full,96.25,mb-frost_cls_swin_v2_lr0.0001_concat_3.log
mb-frost_cls,swin_v2,full,96.06,mb-frost_cls_swin_v2_lr0.001_concat_3.log
mb-frost_cls,swin_v2,full,96.3,mb-frost_cls_swin_v2_lr0.01_concat_3.log
mb-frost_cls,vit_l,0.01,92.26,mb-frost_cls_vit_l_frac0.01x_lr0.0001_concat_3.log
mb-frost_cls,vit_l,0.01,93.58,mb-frost_cls_vit_l_frac0.01x_lr0.001_concat_3.log
mb-frost_cls,vit_l,0.01,74.63,mb-frost_cls_vit_l_frac0.01x_lr1e-05_concat_3.log
mb-frost_cls,vit_l,0.05,94.42,mb-frost_cls_vit_l_frac0.05x_lr0.0001_concat_3.log
mb-frost_cls,vit_l,0.05,94.89,mb-frost_cls_vit_l_frac0.05x_lr0.001_concat_3.log
mb-frost_cls,vit_l,0.05,89.46,mb-frost_cls_vit_l_frac0.05x_lr1e-05_concat_3.log
mb-frost_cls,vit_l,0.20,94.8,mb-frost_cls_vit_l_frac0.20x_lr0.0001_concat_3.log
mb-frost_cls,vit_l,0.20,95.4,mb-frost_cls_vit_l_frac0.20x_lr0.001_concat_3.log
mb-frost_cls,vit_l,0.20,94.87,mb-frost_cls_vit_l_frac0.20x_lr1e-05_concat_3.log
mb-frost_cls,vit_l,0.50,94.68,mb-frost_cls_vit_l_frac0.50x_lr0.0001_concat_3.log
mb-frost_cls,vit_l,0.50,96.11,mb-frost_cls_vit_l_frac0.50x_lr0.001_concat_3.log
mb-frost_cls,vit_l,0.50,94.76,mb-frost_cls_vit_l_frac0.50x_lr1e-05_concat_3.log
mb-frost_cls,vit_l,full,95.11,mb-frost_cls_vit_l_lr0.0001_concat_3.log
mb-frost_cls,vit_l,full,95.18,mb-frost_cls_vit_l_lr0.001_concat_3.log
mb-frost_cls,vit_l,full,95.47,mb-frost_cls_vit_l_lr0.01_concat_3.log
mb-landmark_cls,dinov1_b8,0.01,45.73,mb-landmark_cls_dinov1_b8_frac0.01x_lr0.0001_concat_3.log
mb-landmark_cls,dinov1_b8,0.01,81.65,mb-landmark_cls_dinov1_b8_frac0.01x_lr0.001_concat_3.log
mb-landmark_cls,dinov1_b8,0.01,14.95,mb-landmark_cls_dinov1_b8_frac0.01x_lr1e-05_concat_3.log
mb-landmark_cls,dinov1_b8,0.05,62.07,mb-landmark_cls_dinov1_b8_frac0.05x_lr0.0001_concat_3.log
mb-landmark_cls,dinov1_b8,0.05,75.35,mb-landmark_cls_dinov1_b8_frac0.05x_lr0.001_concat_3.log
mb-landmark_cls,dinov1_b8,0.05,48.08,mb-landmark_cls_dinov1_b8_frac0.05x_lr1e-05_concat_3.log
mb-landmark_cls,dinov1_b8,0.20,85.16,mb-landmark_cls_dinov1_b8_frac0.20x_lr0.0001_concat_3.log
mb-landmark_cls,dinov1_b8,0.20,86.45,mb-landmark_cls_dinov1_b8_frac0.20x_lr0.001_concat_3.log
mb-landmark_cls,dinov1_b8,0.20,73.23,mb-landmark_cls_dinov1_b8_frac0.20x_lr1e-05_concat_3.log
mb-landmark_cls,dinov1_b8,0.50,92.14,mb-landmark_cls_dinov1_b8_frac0.50x_lr0.0001_concat_3.log
mb-landmark_cls,dinov1_b8,0.50,93.25,mb-landmark_cls_dinov1_b8_frac0.50x_lr0.001_concat_3.log
mb-landmark_cls,dinov1_b8,0.50,89.85,mb-landmark_cls_dinov1_b8_frac0.50x_lr1e-05_concat_3.log
mb-landmark_cls,dinov1_b8,full,91.97,mb-landmark_cls_dinov1_b8_lr0.0001_concat_3.log
mb-landmark_cls,dinov1_b8,full,93.2,mb-landmark_cls_dinov1_b8_lr0.001_concat_3.log
mb-landmark_cls,dinov1_b8,full,92.81,mb-landmark_cls_dinov1_b8_lr0.01_concat_3.log
mb-landmark_cls,dinov2_l14,0.01,8.37,mb-landmark_cls_dinov2_l14_frac0.01x_lr0.0001_concat_3.log
mb-landmark_cls,dinov2_l14,0.01,58.67,mb-landmark_cls_dinov2_l14_frac0.01x_lr0.001_concat_3.log
mb-landmark_cls,dinov2_l14,0.01,0.89,mb-landmark_cls_dinov2_l14_frac0.01x_lr1e-05_concat_3.log
mb-landmark_cls,dinov2_l14,0.05,48.52,mb-landmark_cls_dinov2_l14_frac0.05x_lr0.0001_concat_3.log
mb-landmark_cls,dinov2_l14,0.05,73.01,mb-landmark_cls_dinov2_l14_frac0.05x_lr0.001_concat_3.log
mb-landmark_cls,dinov2_l14,0.05,9.59,mb-landmark_cls_dinov2_l14_frac0.05x_lr1e-05_concat_3.log
mb-landmark_cls,dinov2_l14,0.20,72.34,mb-landmark_cls_dinov2_l14_frac0.20x_lr0.0001_concat_3.log
mb-landmark_cls,dinov2_l14,0.20,80.09,mb-landmark_cls_dinov2_l14_frac0.20x_lr0.001_concat_3.log
mb-landmark_cls,dinov2_l14,0.20,39.65,mb-landmark_cls_dinov2_l14_frac0.20x_lr1e-05_concat_3.log
mb-landmark_cls,dinov2_l14,0.50,88.34,mb-landmark_cls_dinov2_l14_frac0.50x_lr0.0001_concat_3.log
mb-landmark_cls,dinov2_l14,0.50,90.13,mb-landmark_cls_dinov2_l14_frac0.50x_lr0.001_concat_3.log
mb-landmark_cls,dinov2_l14,0.50,84.1,mb-landmark_cls_dinov2_l14_frac0.50x_lr1e-05_concat_3.log
mb-landmark_cls,dinov2_l14,full,92.75,mb-landmark_cls_dinov2_l14_lr0.0001_concat_3.log
mb-landmark_cls,dinov2_l14,full,92.97,mb-landmark_cls_dinov2_l14_lr0.001_concat_3.log
mb-landmark_cls,dinov2_l14,full,93.59,mb-landmark_cls_dinov2_l14_lr0.01_concat_3.log
mb-landmark_cls,dinov3_lvd_1cha,0.01,39.43,mb-landmark_cls_dinov3_lvd_1cha_frac0.01x_lr0.0001_concat_3.log
mb-landmark_cls,dinov3_lvd_1cha,0.01,60.23,mb-landmark_cls_dinov3_lvd_1cha_frac0.01x_lr0.001_concat_3.log
mb-landmark_cls,dinov3_lvd_1cha,0.01,5.58,mb-landmark_cls_dinov3_lvd_1cha_frac0.01x_lr1e-05_concat_3.log
mb-landmark_cls,dinov3_lvd_1cha,0.05,66.82,mb-landmark_cls_dinov3_lvd_1cha_frac0.05x_lr0.0001_concat_3.log
mb-landmark_cls,dinov3_lvd_1cha,0.05,73.79,mb-landmark_cls_dinov3_lvd_1cha_frac0.05x_lr0.001_concat_3.log
mb-landmark_cls,dinov3_lvd_1cha,0.05,46.85,mb-landmark_cls_dinov3_lvd_1cha_frac0.05x_lr1e-05_concat_3.log
mb-landmark_cls,dinov3_lvd_1cha,0.20,81.37,mb-landmark_cls_dinov3_lvd_1cha_frac0.20x_lr0.0001_concat_3.log
mb-landmark_cls,dinov3_lvd_1cha,0.20,87.79,mb-landmark_cls_dinov3_lvd_1cha_frac0.20x_lr0.001_concat_3.log
mb-landmark_cls,dinov3_lvd_1cha,0.20,73.01,mb-landmark_cls_dinov3_lvd_1cha_frac0.20x_lr1e-05_concat_3.log
mb-landmark_cls,dinov3_lvd_1cha,0.50,91.86,mb-landmark_cls_dinov3_lvd_1cha_frac0.50x_lr0.0001_concat_3.log
mb-landmark_cls,dinov3_lvd_1cha,0.50,93.53,mb-landmark_cls_dinov3_lvd_1cha_frac0.50x_lr0.001_concat_3.log
mb-landmark_cls,dinov3_lvd_1cha,0.50,87.73,mb-landmark_cls_dinov3_lvd_1cha_frac0.50x_lr1e-05_concat_3.log
mb-landmark_cls,dinov3_lvd_1cha,full,91.69,mb-landmark_cls_dinov3_lvd_1cha_lr0.0001_concat_3.log
mb-landmark_cls,dinov3_lvd_1cha,full,93.53,mb-landmark_cls_dinov3_lvd_1cha_lr0.001_concat_3.log
mb-landmark_cls,dinov3_lvd_1cha,full,93.75,mb-landmark_cls_dinov3_lvd_1cha_lr0.01_concat_3.log
mb-landmark_cls,dinov3_lvd,0.01,50.42,mb-landmark_cls_dinov3_lvd_frac0.01x_lr0.0001_concat_3.log
mb-landmark_cls,dinov3_lvd,0.01,67.09,mb-landmark_cls_dinov3_lvd_frac0.01x_lr0.001_concat_3.log
mb-landmark_cls,dinov3_lvd,0.01,11.6,mb-landmark_cls_dinov3_lvd_frac0.01x_lr1e-05_concat_3.log
mb-landmark_cls,dinov3_lvd,0.05,69.21,mb-landmark_cls_dinov3_lvd_frac0.05x_lr0.0001_concat_3.log
mb-landmark_cls,dinov3_lvd,0.05,77.47,mb-landmark_cls_dinov3_lvd_frac0.05x_lr0.001_concat_3.log
mb-landmark_cls,dinov3_lvd,0.05,48.3,mb-landmark_cls_dinov3_lvd_frac0.05x_lr1e-05_concat_3.log
mb-landmark_cls,dinov3_lvd,0.20,83.66,mb-landmark_cls_dinov3_lvd_frac0.20x_lr0.0001_concat_3.log
mb-landmark_cls,dinov3_lvd,0.20,88.85,mb-landmark_cls_dinov3_lvd_frac0.20x_lr0.001_concat_3.log
mb-landmark_cls,dinov3_lvd,0.20,82.54,mb-landmark_cls_dinov3_lvd_frac0.20x_lr1e-05_concat_3.log
mb-landmark_cls,dinov3_lvd,0.50,92.3,mb-landmark_cls_dinov3_lvd_frac0.50x_lr0.0001_concat_3.log
mb-landmark_cls,dinov3_lvd,0.50,93.31,mb-landmark_cls_dinov3_lvd_frac0.50x_lr0.001_concat_3.log
mb-landmark_cls,dinov3_lvd,0.50,87.73,mb-landmark_cls_dinov3_lvd_frac0.50x_lr1e-05_concat_3.log
mb-landmark_cls,dinov3_lvd,full,92.14,mb-landmark_cls_dinov3_lvd_lr0.0001_concat_3.log
mb-landmark_cls,dinov3_lvd,full,94.42,mb-landmark_cls_dinov3_lvd_lr0.001_concat_3.log
mb-landmark_cls,dinov3_lvd,full,93.92,mb-landmark_cls_dinov3_lvd_lr0.01_concat_3.log
mb-landmark_cls,dinov3_sat_1cha,0.01,12.33,mb-landmark_cls_dinov3_sat_1cha_frac0.01x_lr0.0001_concat_3.log
mb-landmark_cls,dinov3_sat_1cha,0.01,60.07,mb-landmark_cls_dinov3_sat_1cha_frac0.01x_lr0.001_concat_3.log
mb-landmark_cls,dinov3_sat_1cha,0.01,4.24,mb-landmark_cls_dinov3_sat_1cha_frac0.01x_lr1e-05_concat_3.log
mb-landmark_cls,dinov3_sat_1cha,0.05,35.19,mb-landmark_cls_dinov3_sat_1cha_frac0.05x_lr0.0001_concat_3.log
mb-landmark_cls,dinov3_sat_1cha,0.05,58.17,mb-landmark_cls_dinov3_sat_1cha_frac0.05x_lr0.001_concat_3.log
mb-landmark_cls,dinov3_sat_1cha,0.05,18.85,mb-landmark_cls_dinov3_sat_1cha_frac0.05x_lr1e-05_concat_3.log
mb-landmark_cls,dinov3_sat_1cha,0.20,63.58,mb-landmark_cls_dinov3_sat_1cha_frac0.20x_lr0.0001_concat_3.log
mb-landmark_cls,dinov3_sat_1cha,0.20,73.9,mb-landmark_cls_dinov3_sat_1cha_frac0.20x_lr0.001_concat_3.log
mb-landmark_cls,dinov3_sat_1cha,0.20,73.95,mb-landmark_cls_dinov3_sat_1cha_frac0.20x_lr1e-05_concat_3.log
mb-landmark_cls,dinov3_sat_1cha,0.50,87.28,mb-landmark_cls_dinov3_sat_1cha_frac0.50x_lr0.0001_concat_3.log
mb-landmark_cls,dinov3_sat_1cha,0.50,86.89,mb-landmark_cls_dinov3_sat_1cha_frac0.50x_lr0.001_concat_3.log
mb-landmark_cls,dinov3_sat_1cha,0.50,82.65,mb-landmark_cls_dinov3_sat_1cha_frac0.50x_lr1e-05_concat_3.log
mb-landmark_cls,dinov3_sat_1cha,full,82.65,mb-landmark_cls_dinov3_sat_1cha_lr0.0001_concat_3.log
mb-landmark_cls,dinov3_sat_1cha,full,90.91,mb-landmark_cls_dinov3_sat_1cha_lr0.001_concat_3.log
mb-landmark_cls,dinov3_sat_1cha,full,90.8,mb-landmark_cls_dinov3_sat_1cha_lr0.01_concat_3.log
mb-landmark_cls,dinov3_sat,0.01,12.72,mb-landmark_cls_dinov3_sat_frac0.01x_lr0.0001_concat_3.log
mb-landmark_cls,dinov3_sat,0.01,44.95,mb-landmark_cls_dinov3_sat_frac0.01x_lr0.001_concat_3.log
mb-landmark_cls,dinov3_sat,0.01,22.81,mb-landmark_cls_dinov3_sat_frac0.01x_lr1e-05_concat_3.log
mb-landmark_cls,dinov3_sat,0.05,26.44,mb-landmark_cls_dinov3_sat_frac0.05x_lr0.0001_concat_3.log
mb-landmark_cls,dinov3_sat,0.05,58.28,mb-landmark_cls_dinov3_sat_frac0.05x_lr0.001_concat_3.log
mb-landmark_cls,dinov3_sat,0.05,78.64,mb-landmark_cls_dinov3_sat_frac0.05x_lr1e-05_concat_3.log
mb-landmark_cls,dinov3_sat,0.20,69.44,mb-landmark_cls_dinov3_sat_frac0.20x_lr0.0001_concat_3.log
mb-landmark_cls,dinov3_sat,0.20,82.1,mb-landmark_cls_dinov3_sat_frac0.20x_lr0.001_concat_3.log
mb-landmark_cls,dinov3_sat,0.20,43.34,mb-landmark_cls_dinov3_sat_frac0.20x_lr1e-05_concat_3.log
mb-landmark_cls,dinov3_sat,0.50,87.4,mb-landmark_cls_dinov3_sat_frac0.50x_lr0.0001_concat_3.log
mb-landmark_cls,dinov3_sat,0.50,88.79,mb-landmark_cls_dinov3_sat_frac0.50x_lr0.001_concat_3.log
mb-landmark_cls,dinov3_sat,0.50,82.77,mb-landmark_cls_dinov3_sat_frac0.50x_lr1e-05_concat_3.log
mb-landmark_cls,dinov3_sat,full,82.65,mb-landmark_cls_dinov3_sat_lr0.0001_concat_3.log
mb-landmark_cls,dinov3_sat,full,91.8,mb-landmark_cls_dinov3_sat_lr0.001_concat_3.log
mb-landmark_cls,dinov3_sat,full,91.91,mb-landmark_cls_dinov3_sat_lr0.01_concat_3.log
mb-landmark_cls,mars_mae,0.01,13.5,mb-landmark_cls_mars_mae_frac0.01x_lr0.0001_concat_3.log
mb-landmark_cls,mars_mae,0.01,21.31,mb-landmark_cls_mars_mae_frac0.01x_lr0.001_concat_3.log
mb-landmark_cls,mars_mae,0.01,5.8,mb-landmark_cls_mars_mae_frac0.01x_lr1e-05_concat_3.log
mb-landmark_cls,mars_mae,0.05,20.58,mb-landmark_cls_mars_mae_frac0.05x_lr0.0001_concat_3.log
mb-landmark_cls,mars_mae,0.05,45.45,mb-landmark_cls_mars_mae_frac0.05x_lr0.001_concat_3.log
mb-landmark_cls,mars_mae,0.05,1.12,mb-landmark_cls_mars_mae_frac0.05x_lr1e-05_concat_3.log
mb-landmark_cls,mars_mae,0.20,52.09,mb-landmark_cls_mars_mae_frac0.20x_lr0.0001_concat_3.log
mb-landmark_cls,mars_mae,0.20,81.93,mb-landmark_cls_mars_mae_frac0.20x_lr0.001_concat_3.log
mb-landmark_cls,mars_mae,0.20,40.27,mb-landmark_cls_mars_mae_frac0.20x_lr1e-05_concat_3.log
mb-landmark_cls,mars_mae,0.50,84.27,mb-landmark_cls_mars_mae_frac0.50x_lr0.0001_concat_3.log
mb-landmark_cls,mars_mae,0.50,89.68,mb-landmark_cls_mars_mae_frac0.50x_lr0.001_concat_3.log
mb-landmark_cls,mars_mae,0.50,82.65,mb-landmark_cls_mars_mae_frac0.50x_lr1e-05_concat_3.log
mb-landmark_cls,mars_mae,full,82.65,mb-landmark_cls_mars_mae_lr0.0001_concat_3.log
mb-landmark_cls,mars_mae,full,90.85,mb-landmark_cls_mars_mae_lr0.001_concat_3.log
mb-landmark_cls,mars_mae,full,89.96,mb-landmark_cls_mars_mae_lr0.01_concat_3.log
mb-landmark_cls,openclip,0.01,26.44,mb-landmark_cls_openclip_frac0.01x_lr0.0001_concat_3.log
mb-landmark_cls,openclip,0.01,85.05,mb-landmark_cls_openclip_frac0.01x_lr0.001_concat_3.log
mb-landmark_cls,openclip,0.01,17.79,mb-landmark_cls_openclip_frac0.01x_lr1e-05_concat_3.log
mb-landmark_cls,openclip,0.05,66.31,mb-landmark_cls_openclip_frac0.05x_lr0.0001_concat_3.log
mb-landmark_cls,openclip,0.05,74.68,mb-landmark_cls_openclip_frac0.05x_lr0.001_concat_3.log
mb-landmark_cls,openclip,0.05,18.74,mb-landmark_cls_openclip_frac0.05x_lr1e-05_concat_3.log
mb-landmark_cls,openclip,0.20,83.94,mb-landmark_cls_openclip_frac0.20x_lr0.0001_concat_3.log
mb-landmark_cls,openclip,0.20,89.01,mb-landmark_cls_openclip_frac0.20x_lr0.001_concat_3.log
mb-landmark_cls,openclip,0.20,70.16,mb-landmark_cls_openclip_frac0.20x_lr1e-05_concat_3.log
mb-landmark_cls,openclip,0.50,92.3,mb-landmark_cls_openclip_frac0.50x_lr0.0001_concat_3.log
mb-landmark_cls,openclip,0.50,92.53,mb-landmark_cls_openclip_frac0.50x_lr0.001_concat_3.log
mb-landmark_cls,openclip,0.50,88.12,mb-landmark_cls_openclip_frac0.50x_lr1e-05_concat_3.log
mb-landmark_cls,openclip,full,92.41,mb-landmark_cls_openclip_lr0.0001_concat_3.log
mb-landmark_cls,openclip,full,92.92,mb-landmark_cls_openclip_lr0.001_concat_3.log
mb-landmark_cls,openclip,full,93.14,mb-landmark_cls_openclip_lr0.01_concat_3.log
mb-landmark_cls,satmae,0.01,34.52,mb-landmark_cls_satmae_frac0.01x_lr0.0001_concat_3.log
mb-landmark_cls,satmae,0.01,58.62,mb-landmark_cls_satmae_frac0.01x_lr0.001_concat_3.log
mb-landmark_cls,satmae,0.01,1.95,mb-landmark_cls_satmae_frac0.01x_lr1e-05_concat_3.log
mb-landmark_cls,satmae,0.05,44.73,mb-landmark_cls_satmae_frac0.05x_lr0.0001_concat_3.log
mb-landmark_cls,satmae,0.05,53.21,mb-landmark_cls_satmae_frac0.05x_lr0.001_concat_3.log
mb-landmark_cls,satmae,0.05,35.08,mb-landmark_cls_satmae_frac0.05x_lr1e-05_concat_3.log
mb-landmark_cls,satmae,0.20,61.35,mb-landmark_cls_satmae_frac0.20x_lr0.0001_concat_3.log
mb-landmark_cls,satmae,0.20,82.71,mb-landmark_cls_satmae_frac0.20x_lr0.001_concat_3.log
mb-landmark_cls,satmae,0.20,57.22,mb-landmark_cls_satmae_frac0.20x_lr1e-05_concat_3.log
mb-landmark_cls,satmae,0.50,88.34,mb-landmark_cls_satmae_frac0.50x_lr0.0001_concat_3.log
mb-landmark_cls,satmae,0.50,89.68,mb-landmark_cls_satmae_frac0.50x_lr0.001_concat_3.log
mb-landmark_cls,satmae,0.50,82.54,mb-landmark_cls_satmae_frac0.50x_lr1e-05_concat_3.log
mb-landmark_cls,satmae,full,89.01,mb-landmark_cls_satmae_lr0.0001_concat_3.log
mb-landmark_cls,satmae,full,90.57,mb-landmark_cls_satmae_lr0.001_concat_3.log
mb-landmark_cls,satmae,full,91.02,mb-landmark_cls_satmae_lr0.01_concat_3.log
mb-landmark_cls,scale_mae,full,82.65,mb-landmark_cls_scale_mae_lr0.0001_concat_3.log
mb-landmark_cls,scale_mae,full,86.39,mb-landmark_cls_scale_mae_lr0.001_concat_3.log
mb-landmark_cls,scale_mae,full,86.78,mb-landmark_cls_scale_mae_lr0.01_concat_3.log
mb-landmark_cls,siglip2,0.01,33.91,mb-landmark_cls_siglip2_frac0.01x_lr0.0001_concat_3.log
mb-landmark_cls,siglip2,0.01,63.69,mb-landmark_cls_siglip2_frac0.01x_lr0.001_concat_3.log
mb-landmark_cls,siglip2,0.01,70.38,mb-landmark_cls_siglip2_frac0.01x_lr1e-05_concat_3.log
mb-landmark_cls,siglip2,0.05,59.73,mb-landmark_cls_siglip2_frac0.05x_lr0.0001_concat_3.log
mb-landmark_cls,siglip2,0.05,84.77,mb-landmark_cls_siglip2_frac0.05x_lr0.001_concat_3.log
mb-landmark_cls,siglip2,0.05,82.65,mb-landmark_cls_siglip2_frac0.05x_lr1e-05_concat_3.log
mb-landmark_cls,siglip2,0.20,81.2,mb-landmark_cls_siglip2_frac0.20x_lr0.0001_concat_3.log
mb-landmark_cls,siglip2,0.20,87.56,mb-landmark_cls_siglip2_frac0.20x_lr0.001_concat_3.log
mb-landmark_cls,siglip2,0.20,44.95,mb-landmark_cls_siglip2_frac0.20x_lr1e-05_concat_3.log
mb-landmark_cls,siglip2,0.50,91.36,mb-landmark_cls_siglip2_frac0.50x_lr0.0001_concat_3.log
mb-landmark_cls,siglip2,0.50,91.86,mb-landmark_cls_siglip2_frac0.50x_lr0.001_concat_3.log
mb-landmark_cls,siglip2,0.50,88.01,mb-landmark_cls_siglip2_frac0.50x_lr1e-05_concat_3.log
mb-landmark_cls,siglip2,full,92.14,mb-landmark_cls_siglip2_lr0.0001_concat_3.log
mb-landmark_cls,siglip2,full,92.14,mb-landmark_cls_siglip2_lr0.001_concat_3.log
mb-landmark_cls,siglip2,full,93.25,mb-landmark_cls_siglip2_lr0.01_concat_3.log
mb-landmark_cls,swin_v2,0.01,24.87,mb-landmark_cls_swin_v2_frac0.01x_lr0.0001_concat_3.log
mb-landmark_cls,swin_v2,0.01,65.7,mb-landmark_cls_swin_v2_frac0.01x_lr0.001_concat_3.log
mb-landmark_cls,swin_v2,0.01,15.62,mb-landmark_cls_swin_v2_frac0.01x_lr1e-05_concat_3.log
mb-landmark_cls,swin_v2,0.05,68.15,mb-landmark_cls_swin_v2_frac0.05x_lr0.0001_concat_3.log
mb-landmark_cls,swin_v2,0.05,70.78,mb-landmark_cls_swin_v2_frac0.05x_lr0.001_concat_3.log
mb-landmark_cls,swin_v2,0.05,20.64,mb-landmark_cls_swin_v2_frac0.05x_lr1e-05_concat_3.log
mb-landmark_cls,swin_v2,0.20,81.2,mb-landmark_cls_swin_v2_frac0.20x_lr0.0001_concat_3.log
mb-landmark_cls,swin_v2,0.20,88.06,mb-landmark_cls_swin_v2_frac0.20x_lr0.001_concat_3.log
mb-landmark_cls,swin_v2,0.20,72.73,mb-landmark_cls_swin_v2_frac0.20x_lr1e-05_concat_3.log
mb-landmark_cls,swin_v2,0.50,89.46,mb-landmark_cls_swin_v2_frac0.50x_lr0.0001_concat_3.log
mb-landmark_cls,swin_v2,0.50,91.36,mb-landmark_cls_swin_v2_frac0.50x_lr0.001_concat_3.log
mb-landmark_cls,swin_v2,0.50,87.9,mb-landmark_cls_swin_v2_frac0.50x_lr1e-05_concat_3.log
mb-landmark_cls,swin_v2,full,91.13,mb-landmark_cls_swin_v2_lr0.0001_concat_3.log
mb-landmark_cls,swin_v2,full,91.08,mb-landmark_cls_swin_v2_lr0.001_concat_3.log
mb-landmark_cls,swin_v2,full,90.69,mb-landmark_cls_swin_v2_lr0.01_concat_3.log
mb-landmark_cls,vit_l,0.01,17.51,mb-landmark_cls_vit_l_frac0.01x_lr0.0001_concat_3.log
mb-landmark_cls,vit_l,0.01,63.02,mb-landmark_cls_vit_l_frac0.01x_lr0.001_concat_3.log
mb-landmark_cls,vit_l,0.01,9.87,mb-landmark_cls_vit_l_frac0.01x_lr1e-05_concat_3.log
mb-landmark_cls,vit_l,0.05,67.93,mb-landmark_cls_vit_l_frac0.05x_lr0.0001_concat_3.log
mb-landmark_cls,vit_l,0.05,83.1,mb-landmark_cls_vit_l_frac0.05x_lr0.001_concat_3.log
mb-landmark_cls,vit_l,0.05,34.41,mb-landmark_cls_vit_l_frac0.05x_lr1e-05_concat_3.log
mb-landmark_cls,vit_l,0.20,85.67,mb-landmark_cls_vit_l_frac0.20x_lr0.0001_concat_3.log
mb-landmark_cls,vit_l,0.20,90.96,mb-landmark_cls_vit_l_frac0.20x_lr0.001_concat_3.log
mb-landmark_cls,vit_l,0.20,76.3,mb-landmark_cls_vit_l_frac0.20x_lr1e-05_concat_3.log
mb-landmark_cls,vit_l,0.50,91.75,mb-landmark_cls_vit_l_frac0.50x_lr0.0001_concat_3.log
mb-landmark_cls,vit_l,0.50,91.86,mb-landmark_cls_vit_l_frac0.50x_lr0.001_concat_3.log
mb-landmark_cls,vit_l,0.50,89.07,mb-landmark_cls_vit_l_frac0.50x_lr1e-05_concat_3.log
mb-landmark_cls,vit_l,full,92.02,mb-landmark_cls_vit_l_lr0.0001_concat_3.log
mb-landmark_cls,vit_l,full,92.19,mb-landmark_cls_vit_l_lr0.001_concat_3.log
mb-landmark_cls,vit_l,full,92.02,mb-landmark_cls_vit_l_lr0.01_concat_3.log
