Dataset,Model,Feature Structure,LR,Score,Metric,Filename
mb-atmospheric_dust_cls_rdr,dinov1_b8,concat2,0.0001,97.45,Best Val Accuracy,mb-atmospheric_dust_cls_rdr_dinov1_b8_lr0.0001_concat_2.log
mb-atmospheric_dust_cls_rdr,dinov1_b8,concat3,0.0001,96.93,Best Val Accuracy,mb-atmospheric_dust_cls_rdr_dinov1_b8_lr0.0001_concat_3.log
mb-atmospheric_dust_cls_rdr,dinov1_b8,original,0.0001,96.8,Best Val Accuracy,mb-atmospheric_dust_cls_rdr_dinov1_b8_lr0.0001_original.log
mb-atmospheric_dust_cls_rdr,dinov1_b8,concat2,0.001,96.57,Best Val Accuracy,mb-atmospheric_dust_cls_rdr_dinov1_b8_lr0.001_concat_2.log
mb-atmospheric_dust_cls_rdr,dinov1_b8,concat3,0.001,96.05,Best Val Accuracy,mb-atmospheric_dust_cls_rdr_dinov1_b8_lr0.001_concat_3.log
mb-atmospheric_dust_cls_rdr,dinov1_b8,original,0.001,96.22,Best Val Accuracy,mb-atmospheric_dust_cls_rdr_dinov1_b8_lr0.001_original.log
mb-atmospheric_dust_cls_rdr,dinov1_b8,concat2,1e-05,95.99,Best Val Accuracy,mb-atmospheric_dust_cls_rdr_dinov1_b8_lr1e-05_concat_2.log
mb-atmospheric_dust_cls_rdr,dinov1_b8,concat3,1e-05,96.01,Best Val Accuracy,mb-atmospheric_dust_cls_rdr_dinov1_b8_lr1e-05_concat_3.log
mb-atmospheric_dust_cls_rdr,dinov1_b8,original,1e-05,95.99,Best Val Accuracy,mb-atmospheric_dust_cls_rdr_dinov1_b8_lr1e-05_original.log
mb-atmospheric_dust_cls_rdr,dinov2_l14,concat2,0.0001,97.16,Best Val Accuracy,mb-atmospheric_dust_cls_rdr_dinov2_l14_lr0.0001_concat_2.log
mb-atmospheric_dust_cls_rdr,dinov2_l14,concat3,0.0001,96.57,Best Val Accuracy,mb-atmospheric_dust_cls_rdr_dinov2_l14_lr0.0001_concat_3.log
mb-atmospheric_dust_cls_rdr,dinov2_l14,original,0.0001,96.85,Best Val Accuracy,mb-atmospheric_dust_cls_rdr_dinov2_l14_lr0.0001_original.log
mb-atmospheric_dust_cls_rdr,dinov2_l14,concat2,0.001,93.98,Best Val Accuracy,mb-atmospheric_dust_cls_rdr_dinov2_l14_lr0.001_concat_2.log
mb-atmospheric_dust_cls_rdr,dinov2_l14,concat3,0.001,93.19,Best Val Accuracy,mb-atmospheric_dust_cls_rdr_dinov2_l14_lr0.001_concat_3.log
mb-atmospheric_dust_cls_rdr,dinov2_l14,original,0.001,94.51,Best Val Accuracy,mb-atmospheric_dust_cls_rdr_dinov2_l14_lr0.001_original.log
mb-atmospheric_dust_cls_rdr,dinov2_l14,concat2,1e-05,97.76,Best Val Accuracy,mb-atmospheric_dust_cls_rdr_dinov2_l14_lr1e-05_concat_2.log
mb-atmospheric_dust_cls_rdr,dinov2_l14,concat3,1e-05,98.33,Best Val Accuracy,mb-atmospheric_dust_cls_rdr_dinov2_l14_lr1e-05_concat_3.log
mb-atmospheric_dust_cls_rdr,dinov2_l14,original,1e-05,97.01,Best Val Accuracy,mb-atmospheric_dust_cls_rdr_dinov2_l14_lr1e-05_original.log
mb-atmospheric_dust_cls_rdr,dinov3_lvd_1cha,concat2,0.0001,97.55,Best Val Accuracy,mb-atmospheric_dust_cls_rdr_dinov3_lvd_1cha_lr0.0001_concat_2.log
mb-atmospheric_dust_cls_rdr,dinov3_lvd_1cha,concat3,0.0001,97.87,Best Val Accuracy,mb-atmospheric_dust_cls_rdr_dinov3_lvd_1cha_lr0.0001_concat_3.log
mb-atmospheric_dust_cls_rdr,dinov3_lvd_1cha,original,0.0001,97.55,Best Val Accuracy,mb-atmospheric_dust_cls_rdr_dinov3_lvd_1cha_lr0.0001_original.log
mb-atmospheric_dust_cls_rdr,dinov3_lvd_1cha,concat2,0.001,97.05,Best Val Accuracy,mb-atmospheric_dust_cls_rdr_dinov3_lvd_1cha_lr0.001_concat_2.log
mb-atmospheric_dust_cls_rdr,dinov3_lvd_1cha,concat3,0.001,96.36,Best Val Accuracy,mb-atmospheric_dust_cls_rdr_dinov3_lvd_1cha_lr0.001_concat_3.log
mb-atmospheric_dust_cls_rdr,dinov3_lvd_1cha,original,0.001,97.66,Best Val Accuracy,mb-atmospheric_dust_cls_rdr_dinov3_lvd_1cha_lr0.001_original.log
mb-atmospheric_dust_cls_rdr,dinov3_lvd_1cha,concat2,1e-05,96.49,Best Val Accuracy,mb-atmospheric_dust_cls_rdr_dinov3_lvd_1cha_lr1e-05_concat_2.log
mb-atmospheric_dust_cls_rdr,dinov3_lvd_1cha,concat3,1e-05,96.26,Best Val Accuracy,mb-atmospheric_dust_cls_rdr_dinov3_lvd_1cha_lr1e-05_concat_3.log
mb-atmospheric_dust_cls_rdr,dinov3_lvd_1cha,original,1e-05,96.66,Best Val Accuracy,mb-atmospheric_dust_cls_rdr_dinov3_lvd_1cha_lr1e-05_original.log
mb-atmospheric_dust_cls_rdr,dinov3_lvd,concat2,0.0001,97.3,Best Val Accuracy,mb-atmospheric_dust_cls_rdr_dinov3_lvd_lr0.0001_concat_2.log
mb-atmospheric_dust_cls_rdr,dinov3_lvd,concat3,0.0001,97.3,Best Val Accuracy,mb-atmospheric_dust_cls_rdr_dinov3_lvd_lr0.0001_concat_3.log
mb-atmospheric_dust_cls_rdr,dinov3_lvd,original,0.0001,96.93,Best Val Accuracy,mb-atmospheric_dust_cls_rdr_dinov3_lvd_lr0.0001_original.log
mb-atmospheric_dust_cls_rdr,dinov3_lvd,concat2,0.001,96.97,Best Val Accuracy,mb-atmospheric_dust_cls_rdr_dinov3_lvd_lr0.001_concat_2.log
mb-atmospheric_dust_cls_rdr,dinov3_lvd,concat3,0.001,96.41,Best Val Accuracy,mb-atmospheric_dust_cls_rdr_dinov3_lvd_lr0.001_concat_3.log
mb-atmospheric_dust_cls_rdr,dinov3_lvd,original,0.001,96.76,Best Val Accuracy,mb-atmospheric_dust_cls_rdr_dinov3_lvd_lr0.001_original.log
mb-atmospheric_dust_cls_rdr,dinov3_lvd,concat2,1e-05,97.22,Best Val Accuracy,mb-atmospheric_dust_cls_rdr_dinov3_lvd_lr1e-05_concat_2.log
mb-atmospheric_dust_cls_rdr,dinov3_lvd,concat3,1e-05,97.16,Best Val Accuracy,mb-atmospheric_dust_cls_rdr_dinov3_lvd_lr1e-05_concat_3.log
mb-atmospheric_dust_cls_rdr,dinov3_lvd,original,1e-05,97.56,Best Val Accuracy,mb-atmospheric_dust_cls_rdr_dinov3_lvd_lr1e-05_original.log
mb-atmospheric_dust_cls_rdr,dinov3_sat_1cha,concat2,0.0001,96.84,Best Val Accuracy,mb-atmospheric_dust_cls_rdr_dinov3_sat_1cha_lr0.0001_concat_2.log
mb-atmospheric_dust_cls_rdr,dinov3_sat_1cha,concat3,0.0001,96.87,Best Val Accuracy,mb-atmospheric_dust_cls_rdr_dinov3_sat_1cha_lr0.0001_concat_3.log
mb-atmospheric_dust_cls_rdr,dinov3_sat_1cha,original,0.0001,96.87,Best Val Accuracy,mb-atmospheric_dust_cls_rdr_dinov3_sat_1cha_lr0.0001_original.log
mb-atmospheric_dust_cls_rdr,dinov3_sat_1cha,concat2,0.001,96.47,Best Val Accuracy,mb-atmospheric_dust_cls_rdr_dinov3_sat_1cha_lr0.001_concat_2.log
mb-atmospheric_dust_cls_rdr,dinov3_sat_1cha,concat3,0.001,96.68,Best Val Accuracy,mb-atmospheric_dust_cls_rdr_dinov3_sat_1cha_lr0.001_concat_3.log
mb-atmospheric_dust_cls_rdr,dinov3_sat_1cha,original,0.001,96.59,Best Val Accuracy,mb-atmospheric_dust_cls_rdr_dinov3_sat_1cha_lr0.001_original.log
mb-atmospheric_dust_cls_rdr,dinov3_sat_1cha,concat2,1e-05,97.51,Best Val Accuracy,mb-atmospheric_dust_cls_rdr_dinov3_sat_1cha_lr1e-05_concat_2.log
mb-atmospheric_dust_cls_rdr,dinov3_sat_1cha,concat3,1e-05,97.08,Best Val Accuracy,mb-atmospheric_dust_cls_rdr_dinov3_sat_1cha_lr1e-05_concat_3.log
mb-atmospheric_dust_cls_rdr,dinov3_sat_1cha,original,1e-05,96.03,Best Val Accuracy,mb-atmospheric_dust_cls_rdr_dinov3_sat_1cha_lr1e-05_original.log
mb-atmospheric_dust_cls_rdr,dinov3_sat,concat2,0.0001,97.97,Best Val Accuracy,mb-atmospheric_dust_cls_rdr_dinov3_sat_lr0.0001_concat_2.log
mb-atmospheric_dust_cls_rdr,dinov3_sat,concat3,0.0001,98.2,Best Val Accuracy,mb-atmospheric_dust_cls_rdr_dinov3_sat_lr0.0001_concat_3.log
mb-atmospheric_dust_cls_rdr,dinov3_sat,original,0.0001,96.97,Best Val Accuracy,mb-atmospheric_dust_cls_rdr_dinov3_sat_lr0.0001_original.log
mb-atmospheric_dust_cls_rdr,dinov3_sat,concat2,0.001,97.35,Best Val Accuracy,mb-atmospheric_dust_cls_rdr_dinov3_sat_lr0.001_concat_2.log
mb-atmospheric_dust_cls_rdr,dinov3_sat,concat3,0.001,96.57,Best Val Accuracy,mb-atmospheric_dust_cls_rdr_dinov3_sat_lr0.001_concat_3.log
mb-atmospheric_dust_cls_rdr,dinov3_sat,original,0.001,96.76,Best Val Accuracy,mb-atmospheric_dust_cls_rdr_dinov3_sat_lr0.001_original.log
mb-atmospheric_dust_cls_rdr,dinov3_sat,concat2,1e-05,97.53,Best Val Accuracy,mb-atmospheric_dust_cls_rdr_dinov3_sat_lr1e-05_concat_2.log
mb-atmospheric_dust_cls_rdr,dinov3_sat,concat3,1e-05,97.58,Best Val Accuracy,mb-atmospheric_dust_cls_rdr_dinov3_sat_lr1e-05_concat_3.log
mb-atmospheric_dust_cls_rdr,dinov3_sat,original,1e-05,96.99,Best Val Accuracy,mb-atmospheric_dust_cls_rdr_dinov3_sat_lr1e-05_original.log
mb-atmospheric_dust_cls_rdr,mars_mae,concat2,0.0001,96.11,Best Val Accuracy,mb-atmospheric_dust_cls_rdr_mars_mae_lr0.0001_concat_2.log
mb-atmospheric_dust_cls_rdr,mars_mae,concat3,0.0001,95.88,Best Val Accuracy,mb-atmospheric_dust_cls_rdr_mars_mae_lr0.0001_concat_3.log
mb-atmospheric_dust_cls_rdr,mars_mae,original,0.0001,95.76,Best Val Accuracy,mb-atmospheric_dust_cls_rdr_mars_mae_lr0.0001_original.log
mb-atmospheric_dust_cls_rdr,mars_mae,concat2,0.001,94.88,Best Val Accuracy,mb-atmospheric_dust_cls_rdr_mars_mae_lr0.001_concat_2.log
mb-atmospheric_dust_cls_rdr,mars_mae,concat3,0.001,93.88,Best Val Accuracy,mb-atmospheric_dust_cls_rdr_mars_mae_lr0.001_concat_3.log
mb-atmospheric_dust_cls_rdr,mars_mae,original,0.001,94.99,Best Val Accuracy,mb-atmospheric_dust_cls_rdr_mars_mae_lr0.001_original.log
mb-atmospheric_dust_cls_rdr,mars_mae,concat2,1e-05,96.16,Best Val Accuracy,mb-atmospheric_dust_cls_rdr_mars_mae_lr1e-05_concat_2.log
mb-atmospheric_dust_cls_rdr,mars_mae,concat3,1e-05,96.05,Best Val Accuracy,mb-atmospheric_dust_cls_rdr_mars_mae_lr1e-05_concat_3.log
mb-atmospheric_dust_cls_rdr,mars_mae,original,1e-05,96.3,Best Val Accuracy,mb-atmospheric_dust_cls_rdr_mars_mae_lr1e-05_original.log
mb-atmospheric_dust_cls_rdr,openclip,concat2,0.0001,96.51,Best Val Accuracy,mb-atmospheric_dust_cls_rdr_openclip_lr0.0001_concat_2.log
mb-atmospheric_dust_cls_rdr,openclip,concat3,0.0001,97.16,Best Val Accuracy,mb-atmospheric_dust_cls_rdr_openclip_lr0.0001_concat_3.log
mb-atmospheric_dust_cls_rdr,openclip,original,0.0001,96.74,Best Val Accuracy,mb-atmospheric_dust_cls_rdr_openclip_lr0.0001_original.log
mb-atmospheric_dust_cls_rdr,openclip,concat2,0.001,95.11,Best Val Accuracy,mb-atmospheric_dust_cls_rdr_openclip_lr0.001_concat_2.log
mb-atmospheric_dust_cls_rdr,openclip,concat3,0.001,95.45,Best Val Accuracy,mb-atmospheric_dust_cls_rdr_openclip_lr0.001_concat_3.log
mb-atmospheric_dust_cls_rdr,openclip,original,0.001,94.65,Best Val Accuracy,mb-atmospheric_dust_cls_rdr_openclip_lr0.001_original.log
mb-atmospheric_dust_cls_rdr,openclip,concat2,1e-05,95.8,Best Val Accuracy,mb-atmospheric_dust_cls_rdr_openclip_lr1e-05_concat_2.log
mb-atmospheric_dust_cls_rdr,openclip,concat3,1e-05,95.82,Best Val Accuracy,mb-atmospheric_dust_cls_rdr_openclip_lr1e-05_concat_3.log
mb-atmospheric_dust_cls_rdr,openclip,original,1e-05,95.9,Best Val Accuracy,mb-atmospheric_dust_cls_rdr_openclip_lr1e-05_original.log
mb-atmospheric_dust_cls_rdr,satmae,concat2,0.0001,96.01,Best Val Accuracy,mb-atmospheric_dust_cls_rdr_satmae_lr0.0001_concat_2.log
mb-atmospheric_dust_cls_rdr,satmae,concat3,0.0001,96.3,Best Val Accuracy,mb-atmospheric_dust_cls_rdr_satmae_lr0.0001_concat_3.log
mb-atmospheric_dust_cls_rdr,satmae,original,0.0001,95.91,Best Val Accuracy,mb-atmospheric_dust_cls_rdr_satmae_lr0.0001_original.log
mb-atmospheric_dust_cls_rdr,satmae,concat2,0.001,94.19,Best Val Accuracy,mb-atmospheric_dust_cls_rdr_satmae_lr0.001_concat_2.log
mb-atmospheric_dust_cls_rdr,satmae,concat3,0.001,94.69,Best Val Accuracy,mb-atmospheric_dust_cls_rdr_satmae_lr0.001_concat_3.log
mb-atmospheric_dust_cls_rdr,satmae,original,0.001,94.0,Best Val Accuracy,mb-atmospheric_dust_cls_rdr_satmae_lr0.001_original.log
mb-atmospheric_dust_cls_rdr,satmae,concat2,1e-05,96.61,Best Val Accuracy,mb-atmospheric_dust_cls_rdr_satmae_lr1e-05_concat_2.log
mb-atmospheric_dust_cls_rdr,satmae,concat3,1e-05,96.39,Best Val Accuracy,mb-atmospheric_dust_cls_rdr_satmae_lr1e-05_concat_3.log
mb-atmospheric_dust_cls_rdr,satmae,original,1e-05,96.8,Best Val Accuracy,mb-atmospheric_dust_cls_rdr_satmae_lr1e-05_original.log
mb-atmospheric_dust_cls_rdr,siglip2,concat2,0.0001,96.97,Best Val Accuracy,mb-atmospheric_dust_cls_rdr_siglip2_lr0.0001_concat_2.log
mb-atmospheric_dust_cls_rdr,siglip2,concat3,0.0001,96.78,Best Val Accuracy,mb-atmospheric_dust_cls_rdr_siglip2_lr0.0001_concat_3.log
mb-atmospheric_dust_cls_rdr,siglip2,original,0.0001,96.74,Best Val Accuracy,mb-atmospheric_dust_cls_rdr_siglip2_lr0.0001_original.log
mb-atmospheric_dust_cls_rdr,siglip2,concat2,0.001,94.55,Best Val Accuracy,mb-atmospheric_dust_cls_rdr_siglip2_lr0.001_concat_2.log
mb-atmospheric_dust_cls_rdr,siglip2,concat3,0.001,95.47,Best Val Accuracy,mb-atmospheric_dust_cls_rdr_siglip2_lr0.001_concat_3.log
mb-atmospheric_dust_cls_rdr,siglip2,original,0.001,94.44,Best Val Accuracy,mb-atmospheric_dust_cls_rdr_siglip2_lr0.001_original.log
mb-atmospheric_dust_cls_rdr,siglip2,concat2,1e-05,96.7,Best Val Accuracy,mb-atmospheric_dust_cls_rdr_siglip2_lr1e-05_concat_2.log
mb-atmospheric_dust_cls_rdr,siglip2,concat3,1e-05,96.36,Best Val Accuracy,mb-atmospheric_dust_cls_rdr_siglip2_lr1e-05_concat_3.log
mb-atmospheric_dust_cls_rdr,siglip2,original,1e-05,96.13,Best Val Accuracy,mb-atmospheric_dust_cls_rdr_siglip2_lr1e-05_original.log
mb-atmospheric_dust_cls_rdr,swin_v2,concat2,0.0001,96.3,Best Val Accuracy,mb-atmospheric_dust_cls_rdr_swin_v2_lr0.0001_concat_2.log
mb-atmospheric_dust_cls_rdr,swin_v2,concat3,0.0001,96.87,Best Val Accuracy,mb-atmospheric_dust_cls_rdr_swin_v2_lr0.0001_concat_3.log
mb-atmospheric_dust_cls_rdr,swin_v2,original,0.0001,96.36,Best Val Accuracy,mb-atmospheric_dust_cls_rdr_swin_v2_lr0.0001_original.log
mb-atmospheric_dust_cls_rdr,swin_v2,concat2,0.001,96.8,Best Val Accuracy,mb-atmospheric_dust_cls_rdr_swin_v2_lr0.001_concat_2.log
mb-atmospheric_dust_cls_rdr,swin_v2,concat3,0.001,96.89,Best Val Accuracy,mb-atmospheric_dust_cls_rdr_swin_v2_lr0.001_concat_3.log
mb-atmospheric_dust_cls_rdr,swin_v2,original,0.001,96.76,Best Val Accuracy,mb-atmospheric_dust_cls_rdr_swin_v2_lr0.001_original.log
mb-atmospheric_dust_cls_rdr,swin_v2,concat2,1e-05,96.66,Best Val Accuracy,mb-atmospheric_dust_cls_rdr_swin_v2_lr1e-05_concat_2.log
mb-atmospheric_dust_cls_rdr,swin_v2,concat3,1e-05,97.24,Best Val Accuracy,mb-atmospheric_dust_cls_rdr_swin_v2_lr1e-05_concat_3.log
mb-atmospheric_dust_cls_rdr,swin_v2,original,1e-05,96.68,Best Val Accuracy,mb-atmospheric_dust_cls_rdr_swin_v2_lr1e-05_original.log
mb-atmospheric_dust_cls_rdr,vit_l,concat2,0.0001,96.16,Best Val Accuracy,mb-atmospheric_dust_cls_rdr_vit_l_lr0.0001_concat_2.log
mb-atmospheric_dust_cls_rdr,vit_l,concat3,0.0001,96.16,Best Val Accuracy,mb-atmospheric_dust_cls_rdr_vit_l_lr0.0001_concat_3.log
mb-atmospheric_dust_cls_rdr,vit_l,original,0.0001,96.28,Best Val Accuracy,mb-atmospheric_dust_cls_rdr_vit_l_lr0.0001_original.log
mb-atmospheric_dust_cls_rdr,vit_l,concat2,0.001,96.13,Best Val Accuracy,mb-atmospheric_dust_cls_rdr_vit_l_lr0.001_concat_2.log
mb-atmospheric_dust_cls_rdr,vit_l,concat3,0.001,96.03,Best Val Accuracy,mb-atmospheric_dust_cls_rdr_vit_l_lr0.001_concat_3.log
mb-atmospheric_dust_cls_rdr,vit_l,original,0.001,95.88,Best Val Accuracy,mb-atmospheric_dust_cls_rdr_vit_l_lr0.001_original.log
mb-atmospheric_dust_cls_rdr,vit_l,concat2,1e-05,96.13,Best Val Accuracy,mb-atmospheric_dust_cls_rdr_vit_l_lr1e-05_concat_2.log
mb-atmospheric_dust_cls_rdr,vit_l,concat3,1e-05,95.78,Best Val Accuracy,mb-atmospheric_dust_cls_rdr_vit_l_lr1e-05_concat_3.log
mb-atmospheric_dust_cls_rdr,vit_l,original,1e-05,95.72,Best Val Accuracy,mb-atmospheric_dust_cls_rdr_vit_l_lr1e-05_original.log
mb-change_cls_ctx,dinov1_b8,concat2,0.0001,80.0,Best Val Accuracy,mb-change_cls_ctx_dinov1_b8_lr0.0001_concat_2.log
mb-change_cls_ctx,dinov1_b8,concat3,0.0001,80.0,Best Val Accuracy,mb-change_cls_ctx_dinov1_b8_lr0.0001_concat_3.log
mb-change_cls_ctx,dinov1_b8,original,0.0001,80.0,Best Val Accuracy,mb-change_cls_ctx_dinov1_b8_lr0.0001_original.log
mb-change_cls_ctx,dinov1_b8,concat2,0.001,90.0,Best Val Accuracy,mb-change_cls_ctx_dinov1_b8_lr0.001_concat_2.log
mb-change_cls_ctx,dinov1_b8,concat3,0.001,80.0,Best Val Accuracy,mb-change_cls_ctx_dinov1_b8_lr0.001_concat_3.log
mb-change_cls_ctx,dinov1_b8,original,0.001,80.0,Best Val Accuracy,mb-change_cls_ctx_dinov1_b8_lr0.001_original.log
mb-change_cls_ctx,dinov1_b8,concat2,1e-05,80.0,Best Val Accuracy,mb-change_cls_ctx_dinov1_b8_lr1e-05_concat_2.log
mb-change_cls_ctx,dinov1_b8,concat3,1e-05,80.0,Best Val Accuracy,mb-change_cls_ctx_dinov1_b8_lr1e-05_concat_3.log
mb-change_cls_ctx,dinov1_b8,original,1e-05,80.0,Best Val Accuracy,mb-change_cls_ctx_dinov1_b8_lr1e-05_original.log
mb-change_cls_ctx,dinov2_l14,concat2,0.0001,90.0,Best Val Accuracy,mb-change_cls_ctx_dinov2_l14_lr0.0001_concat_2.log
mb-change_cls_ctx,dinov2_l14,concat3,0.0001,80.0,Best Val Accuracy,mb-change_cls_ctx_dinov2_l14_lr0.0001_concat_3.log
mb-change_cls_ctx,dinov2_l14,original,0.0001,80.0,Best Val Accuracy,mb-change_cls_ctx_dinov2_l14_lr0.0001_original.log
mb-change_cls_ctx,dinov2_l14,concat2,0.001,80.0,Best Val Accuracy,mb-change_cls_ctx_dinov2_l14_lr0.001_concat_2.log
mb-change_cls_ctx,dinov2_l14,concat3,0.001,80.0,Best Val Accuracy,mb-change_cls_ctx_dinov2_l14_lr0.001_concat_3.log
mb-change_cls_ctx,dinov2_l14,original,0.001,80.0,Best Val Accuracy,mb-change_cls_ctx_dinov2_l14_lr0.001_original.log
mb-change_cls_ctx,dinov2_l14,concat2,1e-05,90.0,Best Val Accuracy,mb-change_cls_ctx_dinov2_l14_lr1e-05_concat_2.log
mb-change_cls_ctx,dinov2_l14,concat3,1e-05,80.0,Best Val Accuracy,mb-change_cls_ctx_dinov2_l14_lr1e-05_concat_3.log
mb-change_cls_ctx,dinov2_l14,original,1e-05,85.0,Best Val Accuracy,mb-change_cls_ctx_dinov2_l14_lr1e-05_original.log
mb-change_cls_ctx,dinov3_lvd_1cha,concat2,0.0001,80.0,Best Val Accuracy,mb-change_cls_ctx_dinov3_lvd_1cha_lr0.0001_concat_2.log
mb-change_cls_ctx,dinov3_lvd_1cha,concat3,0.0001,80.0,Best Val Accuracy,mb-change_cls_ctx_dinov3_lvd_1cha_lr0.0001_concat_3.log
mb-change_cls_ctx,dinov3_lvd_1cha,original,0.0001,80.0,Best Val Accuracy,mb-change_cls_ctx_dinov3_lvd_1cha_lr0.0001_original.log
mb-change_cls_ctx,dinov3_lvd_1cha,concat2,0.001,80.0,Best Val Accuracy,mb-change_cls_ctx_dinov3_lvd_1cha_lr0.001_concat_2.log
mb-change_cls_ctx,dinov3_lvd_1cha,concat3,0.001,80.0,Best Val Accuracy,mb-change_cls_ctx_dinov3_lvd_1cha_lr0.001_concat_3.log
mb-change_cls_ctx,dinov3_lvd_1cha,original,0.001,80.0,Best Val Accuracy,mb-change_cls_ctx_dinov3_lvd_1cha_lr0.001_original.log
mb-change_cls_ctx,dinov3_lvd_1cha,concat2,1e-05,80.0,Best Val Accuracy,mb-change_cls_ctx_dinov3_lvd_1cha_lr1e-05_concat_2.log
mb-change_cls_ctx,dinov3_lvd_1cha,concat3,1e-05,90.0,Best Val Accuracy,mb-change_cls_ctx_dinov3_lvd_1cha_lr1e-05_concat_3.log
mb-change_cls_ctx,dinov3_lvd_1cha,original,1e-05,80.0,Best Val Accuracy,mb-change_cls_ctx_dinov3_lvd_1cha_lr1e-05_original.log
mb-change_cls_ctx,dinov3_lvd,concat2,0.0001,85.0,Best Val Accuracy,mb-change_cls_ctx_dinov3_lvd_lr0.0001_concat_2.log
mb-change_cls_ctx,dinov3_lvd,concat3,0.0001,80.0,Best Val Accuracy,mb-change_cls_ctx_dinov3_lvd_lr0.0001_concat_3.log
mb-change_cls_ctx,dinov3_lvd,original,0.0001,80.0,Best Val Accuracy,mb-change_cls_ctx_dinov3_lvd_lr0.0001_original.log
mb-change_cls_ctx,dinov3_lvd,concat2,0.001,90.0,Best Val Accuracy,mb-change_cls_ctx_dinov3_lvd_lr0.001_concat_2.log
mb-change_cls_ctx,dinov3_lvd,concat3,0.001,90.0,Best Val Accuracy,mb-change_cls_ctx_dinov3_lvd_lr0.001_concat_3.log
mb-change_cls_ctx,dinov3_lvd,original,0.001,90.0,Best Val Accuracy,mb-change_cls_ctx_dinov3_lvd_lr0.001_original.log
mb-change_cls_ctx,dinov3_lvd,concat2,1e-05,75.0,Best Val Accuracy,mb-change_cls_ctx_dinov3_lvd_lr1e-05_concat_2.log
mb-change_cls_ctx,dinov3_lvd,concat3,1e-05,80.0,Best Val Accuracy,mb-change_cls_ctx_dinov3_lvd_lr1e-05_concat_3.log
mb-change_cls_ctx,dinov3_lvd,original,1e-05,80.0,Best Val Accuracy,mb-change_cls_ctx_dinov3_lvd_lr1e-05_original.log
mb-change_cls_ctx,dinov3_sat_1cha,concat2,0.0001,80.0,Best Val Accuracy,mb-change_cls_ctx_dinov3_sat_1cha_lr0.0001_concat_2.log
mb-change_cls_ctx,dinov3_sat_1cha,concat3,0.0001,80.0,Best Val Accuracy,mb-change_cls_ctx_dinov3_sat_1cha_lr0.0001_concat_3.log
mb-change_cls_ctx,dinov3_sat_1cha,original,0.0001,80.0,Best Val Accuracy,mb-change_cls_ctx_dinov3_sat_1cha_lr0.0001_original.log
mb-change_cls_ctx,dinov3_sat_1cha,concat2,0.001,80.0,Best Val Accuracy,mb-change_cls_ctx_dinov3_sat_1cha_lr0.001_concat_2.log
mb-change_cls_ctx,dinov3_sat_1cha,concat3,0.001,80.0,Best Val Accuracy,mb-change_cls_ctx_dinov3_sat_1cha_lr0.001_concat_3.log
mb-change_cls_ctx,dinov3_sat_1cha,original,0.001,80.0,Best Val Accuracy,mb-change_cls_ctx_dinov3_sat_1cha_lr0.001_original.log
mb-change_cls_ctx,dinov3_sat_1cha,concat2,1e-05,80.0,Best Val Accuracy,mb-change_cls_ctx_dinov3_sat_1cha_lr1e-05_concat_2.log
mb-change_cls_ctx,dinov3_sat_1cha,concat3,1e-05,80.0,Best Val Accuracy,mb-change_cls_ctx_dinov3_sat_1cha_lr1e-05_concat_3.log
mb-change_cls_ctx,dinov3_sat_1cha,original,1e-05,85.0,Best Val Accuracy,mb-change_cls_ctx_dinov3_sat_1cha_lr1e-05_original.log
mb-change_cls_ctx,dinov3_sat,concat2,0.0001,80.0,Best Val Accuracy,mb-change_cls_ctx_dinov3_sat_lr0.0001_concat_2.log
mb-change_cls_ctx,dinov3_sat,concat3,0.0001,80.0,Best Val Accuracy,mb-change_cls_ctx_dinov3_sat_lr0.0001_concat_3.log
mb-change_cls_ctx,dinov3_sat,original,0.0001,80.0,Best Val Accuracy,mb-change_cls_ctx_dinov3_sat_lr0.0001_original.log
mb-change_cls_ctx,dinov3_sat,concat2,0.001,80.0,Best Val Accuracy,mb-change_cls_ctx_dinov3_sat_lr0.001_concat_2.log
mb-change_cls_ctx,dinov3_sat,concat3,0.001,80.0,Best Val Accuracy,mb-change_cls_ctx_dinov3_sat_lr0.001_concat_3.log
mb-change_cls_ctx,dinov3_sat,original,0.001,80.0,Best Val Accuracy,mb-change_cls_ctx_dinov3_sat_lr0.001_original.log
mb-change_cls_ctx,dinov3_sat,concat2,1e-05,75.0,Best Val Accuracy,mb-change_cls_ctx_dinov3_sat_lr1e-05_concat_2.log
mb-change_cls_ctx,dinov3_sat,concat3,1e-05,80.0,Best Val Accuracy,mb-change_cls_ctx_dinov3_sat_lr1e-05_concat_3.log
mb-change_cls_ctx,dinov3_sat,original,1e-05,85.0,Best Val Accuracy,mb-change_cls_ctx_dinov3_sat_lr1e-05_original.log
mb-change_cls_ctx,mars_mae,concat2,0.0001,80.0,Best Val Accuracy,mb-change_cls_ctx_mars_mae_lr0.0001_concat_2.log
mb-change_cls_ctx,mars_mae,concat3,0.0001,80.0,Best Val Accuracy,mb-change_cls_ctx_mars_mae_lr0.0001_concat_3.log
mb-change_cls_ctx,mars_mae,original,0.0001,80.0,Best Val Accuracy,mb-change_cls_ctx_mars_mae_lr0.0001_original.log
mb-change_cls_ctx,mars_mae,concat2,0.001,80.0,Best Val Accuracy,mb-change_cls_ctx_mars_mae_lr0.001_concat_2.log
mb-change_cls_ctx,mars_mae,concat3,0.001,80.0,Best Val Accuracy,mb-change_cls_ctx_mars_mae_lr0.001_concat_3.log
mb-change_cls_ctx,mars_mae,original,0.001,80.0,Best Val Accuracy,mb-change_cls_ctx_mars_mae_lr0.001_original.log
mb-change_cls_ctx,mars_mae,concat2,1e-05,85.0,Best Val Accuracy,mb-change_cls_ctx_mars_mae_lr1e-05_concat_2.log
mb-change_cls_ctx,mars_mae,concat3,1e-05,85.0,Best Val Accuracy,mb-change_cls_ctx_mars_mae_lr1e-05_concat_3.log
mb-change_cls_ctx,mars_mae,original,1e-05,80.0,Best Val Accuracy,mb-change_cls_ctx_mars_mae_lr1e-05_original.log
mb-change_cls_ctx,openclip,concat2,0.0001,80.0,Best Val Accuracy,mb-change_cls_ctx_openclip_lr0.0001_concat_2.log
mb-change_cls_ctx,openclip,concat3,0.0001,80.0,Best Val Accuracy,mb-change_cls_ctx_openclip_lr0.0001_concat_3.log
mb-change_cls_ctx,openclip,original,0.0001,80.0,Best Val Accuracy,mb-change_cls_ctx_openclip_lr0.0001_original.log
mb-change_cls_ctx,openclip,concat2,0.001,80.0,Best Val Accuracy,mb-change_cls_ctx_openclip_lr0.001_concat_2.log
mb-change_cls_ctx,openclip,concat3,0.001,80.0,Best Val Accuracy,mb-change_cls_ctx_openclip_lr0.001_concat_3.log
mb-change_cls_ctx,openclip,original,0.001,80.0,Best Val Accuracy,mb-change_cls_ctx_openclip_lr0.001_original.log
mb-change_cls_ctx,openclip,concat2,1e-05,85.0,Best Val Accuracy,mb-change_cls_ctx_openclip_lr1e-05_concat_2.log
mb-change_cls_ctx,openclip,concat3,1e-05,80.0,Best Val Accuracy,mb-change_cls_ctx_openclip_lr1e-05_concat_3.log
mb-change_cls_ctx,openclip,original,1e-05,85.0,Best Val Accuracy,mb-change_cls_ctx_openclip_lr1e-05_original.log
mb-change_cls_ctx,satmae,concat2,0.0001,80.0,Best Val Accuracy,mb-change_cls_ctx_satmae_lr0.0001_concat_2.log
mb-change_cls_ctx,satmae,concat3,0.0001,80.0,Best Val Accuracy,mb-change_cls_ctx_satmae_lr0.0001_concat_3.log
mb-change_cls_ctx,satmae,original,0.0001,80.0,Best Val Accuracy,mb-change_cls_ctx_satmae_lr0.0001_original.log
mb-change_cls_ctx,satmae,concat2,0.001,80.0,Best Val Accuracy,mb-change_cls_ctx_satmae_lr0.001_concat_2.log
mb-change_cls_ctx,satmae,concat3,0.001,80.0,Best Val Accuracy,mb-change_cls_ctx_satmae_lr0.001_concat_3.log
mb-change_cls_ctx,satmae,original,0.001,80.0,Best Val Accuracy,mb-change_cls_ctx_satmae_lr0.001_original.log
mb-change_cls_ctx,satmae,concat2,1e-05,90.0,Best Val Accuracy,mb-change_cls_ctx_satmae_lr1e-05_concat_2.log
mb-change_cls_ctx,satmae,concat3,1e-05,80.0,Best Val Accuracy,mb-change_cls_ctx_satmae_lr1e-05_concat_3.log
mb-change_cls_ctx,satmae,original,1e-05,80.0,Best Val Accuracy,mb-change_cls_ctx_satmae_lr1e-05_original.log
mb-change_cls_ctx,siglip2,concat2,0.0001,80.0,Best Val Accuracy,mb-change_cls_ctx_siglip2_lr0.0001_concat_2.log
mb-change_cls_ctx,siglip2,concat3,0.0001,80.0,Best Val Accuracy,mb-change_cls_ctx_siglip2_lr0.0001_concat_3.log
mb-change_cls_ctx,siglip2,original,0.0001,80.0,Best Val Accuracy,mb-change_cls_ctx_siglip2_lr0.0001_original.log
mb-change_cls_ctx,siglip2,concat2,0.001,80.0,Best Val Accuracy,mb-change_cls_ctx_siglip2_lr0.001_concat_2.log
mb-change_cls_ctx,siglip2,concat3,0.001,80.0,Best Val Accuracy,mb-change_cls_ctx_siglip2_lr0.001_concat_3.log
mb-change_cls_ctx,siglip2,original,0.001,80.0,Best Val Accuracy,mb-change_cls_ctx_siglip2_lr0.001_original.log
mb-change_cls_ctx,siglip2,concat2,1e-05,80.0,Best Val Accuracy,mb-change_cls_ctx_siglip2_lr1e-05_concat_2.log
mb-change_cls_ctx,siglip2,concat3,1e-05,80.0,Best Val Accuracy,mb-change_cls_ctx_siglip2_lr1e-05_concat_3.log
mb-change_cls_ctx,siglip2,original,1e-05,80.0,Best Val Accuracy,mb-change_cls_ctx_siglip2_lr1e-05_original.log
mb-change_cls_ctx,swin_v2,concat2,0.0001,80.0,Best Val Accuracy,mb-change_cls_ctx_swin_v2_lr0.0001_concat_2.log
mb-change_cls_ctx,swin_v2,concat3,0.0001,80.0,Best Val Accuracy,mb-change_cls_ctx_swin_v2_lr0.0001_concat_3.log
mb-change_cls_ctx,swin_v2,original,0.0001,80.0,Best Val Accuracy,mb-change_cls_ctx_swin_v2_lr0.0001_original.log
mb-change_cls_ctx,swin_v2,concat2,0.001,80.0,Best Val Accuracy,mb-change_cls_ctx_swin_v2_lr0.001_concat_2.log
mb-change_cls_ctx,swin_v2,concat3,0.001,80.0,Best Val Accuracy,mb-change_cls_ctx_swin_v2_lr0.001_concat_3.log
mb-change_cls_ctx,swin_v2,original,0.001,80.0,Best Val Accuracy,mb-change_cls_ctx_swin_v2_lr0.001_original.log
mb-change_cls_ctx,swin_v2,concat2,1e-05,85.0,Best Val Accuracy,mb-change_cls_ctx_swin_v2_lr1e-05_concat_2.log
mb-change_cls_ctx,swin_v2,concat3,1e-05,50.0,Best Val Accuracy,mb-change_cls_ctx_swin_v2_lr1e-05_concat_3.log
mb-change_cls_ctx,swin_v2,original,1e-05,20.0,Best Val Accuracy,mb-change_cls_ctx_swin_v2_lr1e-05_original.log
mb-change_cls_ctx,vit_l,concat2,0.0001,80.0,Best Val Accuracy,mb-change_cls_ctx_vit_l_lr0.0001_concat_2.log
mb-change_cls_ctx,vit_l,concat3,0.0001,80.0,Best Val Accuracy,mb-change_cls_ctx_vit_l_lr0.0001_concat_3.log
mb-change_cls_ctx,vit_l,original,0.0001,80.0,Best Val Accuracy,mb-change_cls_ctx_vit_l_lr0.0001_original.log
mb-change_cls_ctx,vit_l,concat2,0.001,80.0,Best Val Accuracy,mb-change_cls_ctx_vit_l_lr0.001_concat_2.log
mb-change_cls_ctx,vit_l,concat3,0.001,80.0,Best Val Accuracy,mb-change_cls_ctx_vit_l_lr0.001_concat_3.log
mb-change_cls_ctx,vit_l,original,0.001,90.0,Best Val Accuracy,mb-change_cls_ctx_vit_l_lr0.001_original.log
mb-change_cls_ctx,vit_l,concat2,1e-05,80.0,Best Val Accuracy,mb-change_cls_ctx_vit_l_lr1e-05_concat_2.log
mb-change_cls_ctx,vit_l,concat3,1e-05,80.0,Best Val Accuracy,mb-change_cls_ctx_vit_l_lr1e-05_concat_3.log
mb-change_cls_ctx,vit_l,original,1e-05,90.0,Best Val Accuracy,mb-change_cls_ctx_vit_l_lr1e-05_original.log
mb-change_cls_hirise,dinov1_b8,concat2,0.0001,97.39,Best Val Accuracy,mb-change_cls_hirise_dinov1_b8_lr0.0001_concat_2.log
mb-change_cls_hirise,dinov1_b8,concat3,0.0001,97.91,Best Val Accuracy,mb-change_cls_hirise_dinov1_b8_lr0.0001_concat_3.log
mb-change_cls_hirise,dinov1_b8,original,0.0001,98.06,Best Val Accuracy,mb-change_cls_hirise_dinov1_b8_lr0.0001_original.log
mb-change_cls_hirise,dinov1_b8,concat2,0.001,91.94,Best Val Accuracy,mb-change_cls_hirise_dinov1_b8_lr0.001_concat_2.log
mb-change_cls_hirise,dinov1_b8,concat3,0.001,92.01,Best Val Accuracy,mb-change_cls_hirise_dinov1_b8_lr0.001_concat_3.log
mb-change_cls_hirise,dinov1_b8,original,0.001,91.94,Best Val Accuracy,mb-change_cls_hirise_dinov1_b8_lr0.001_original.log
mb-change_cls_hirise,dinov1_b8,concat2,1e-05,97.46,Best Val Accuracy,mb-change_cls_hirise_dinov1_b8_lr1e-05_concat_2.log
mb-change_cls_hirise,dinov1_b8,concat3,1e-05,97.61,Best Val Accuracy,mb-change_cls_hirise_dinov1_b8_lr1e-05_concat_3.log
mb-change_cls_hirise,dinov1_b8,original,1e-05,98.28,Best Val Accuracy,mb-change_cls_hirise_dinov1_b8_lr1e-05_original.log
mb-change_cls_hirise,dinov2_l14,concat2,0.0001,97.39,Best Val Accuracy,mb-change_cls_hirise_dinov2_l14_lr0.0001_concat_2.log
mb-change_cls_hirise,dinov2_l14,concat3,0.0001,96.72,Best Val Accuracy,mb-change_cls_hirise_dinov2_l14_lr0.0001_concat_3.log
mb-change_cls_hirise,dinov2_l14,original,0.0001,97.91,Best Val Accuracy,mb-change_cls_hirise_dinov2_l14_lr0.0001_original.log
mb-change_cls_hirise,dinov2_l14,concat2,0.001,91.94,Best Val Accuracy,mb-change_cls_hirise_dinov2_l14_lr0.001_concat_2.log
mb-change_cls_hirise,dinov2_l14,concat3,0.001,91.94,Best Val Accuracy,mb-change_cls_hirise_dinov2_l14_lr0.001_concat_3.log
mb-change_cls_hirise,dinov2_l14,original,0.001,91.94,Best Val Accuracy,mb-change_cls_hirise_dinov2_l14_lr0.001_original.log
mb-change_cls_hirise,dinov2_l14,concat2,1e-05,98.66,Best Val Accuracy,mb-change_cls_hirise_dinov2_l14_lr1e-05_concat_2.log
mb-change_cls_hirise,dinov2_l14,concat3,1e-05,98.06,Best Val Accuracy,mb-change_cls_hirise_dinov2_l14_lr1e-05_concat_3.log
mb-change_cls_hirise,dinov2_l14,original,1e-05,98.51,Best Val Accuracy,mb-change_cls_hirise_dinov2_l14_lr1e-05_original.log
mb-change_cls_hirise,dinov3_lvd_1cha,concat2,0.0001,97.99,Best Val Accuracy,mb-change_cls_hirise_dinov3_lvd_1cha_lr0.0001_concat_2.log
mb-change_cls_hirise,dinov3_lvd_1cha,concat3,0.0001,97.99,Best Val Accuracy,mb-change_cls_hirise_dinov3_lvd_1cha_lr0.0001_concat_3.log
mb-change_cls_hirise,dinov3_lvd_1cha,original,0.0001,98.66,Best Val Accuracy,mb-change_cls_hirise_dinov3_lvd_1cha_lr0.0001_original.log
mb-change_cls_hirise,dinov3_lvd_1cha,concat2,0.001,95.97,Best Val Accuracy,mb-change_cls_hirise_dinov3_lvd_1cha_lr0.001_concat_2.log
mb-change_cls_hirise,dinov3_lvd_1cha,concat3,0.001,96.42,Best Val Accuracy,mb-change_cls_hirise_dinov3_lvd_1cha_lr0.001_concat_3.log
mb-change_cls_hirise,dinov3_lvd_1cha,original,0.001,96.94,Best Val Accuracy,mb-change_cls_hirise_dinov3_lvd_1cha_lr0.001_original.log
mb-change_cls_hirise,dinov3_lvd_1cha,concat2,1e-05,97.39,Best Val Accuracy,mb-change_cls_hirise_dinov3_lvd_1cha_lr1e-05_concat_2.log
mb-change_cls_hirise,dinov3_lvd_1cha,concat3,1e-05,98.36,Best Val Accuracy,mb-change_cls_hirise_dinov3_lvd_1cha_lr1e-05_concat_3.log
mb-change_cls_hirise,dinov3_lvd_1cha,original,1e-05,98.66,Best Val Accuracy,mb-change_cls_hirise_dinov3_lvd_1cha_lr1e-05_original.log
mb-change_cls_hirise,dinov3_lvd,concat2,0.0001,98.81,Best Val Accuracy,mb-change_cls_hirise_dinov3_lvd_lr0.0001_concat_2.log
mb-change_cls_hirise,dinov3_lvd,concat3,0.0001,98.66,Best Val Accuracy,mb-change_cls_hirise_dinov3_lvd_lr0.0001_concat_3.log
mb-change_cls_hirise,dinov3_lvd,original,0.0001,98.51,Best Val Accuracy,mb-change_cls_hirise_dinov3_lvd_lr0.0001_original.log
mb-change_cls_hirise,dinov3_lvd,concat2,0.001,96.79,Best Val Accuracy,mb-change_cls_hirise_dinov3_lvd_lr0.001_concat_2.log
mb-change_cls_hirise,dinov3_lvd,concat3,0.001,91.94,Best Val Accuracy,mb-change_cls_hirise_dinov3_lvd_lr0.001_concat_3.log
mb-change_cls_hirise,dinov3_lvd,original,0.001,93.51,Best Val Accuracy,mb-change_cls_hirise_dinov3_lvd_lr0.001_original.log
mb-change_cls_hirise,dinov3_lvd,concat2,1e-05,97.39,Best Val Accuracy,mb-change_cls_hirise_dinov3_lvd_lr1e-05_concat_2.log
mb-change_cls_hirise,dinov3_lvd,concat3,1e-05,98.13,Best Val Accuracy,mb-change_cls_hirise_dinov3_lvd_lr1e-05_concat_3.log
mb-change_cls_hirise,dinov3_lvd,original,1e-05,98.28,Best Val Accuracy,mb-change_cls_hirise_dinov3_lvd_lr1e-05_original.log
mb-change_cls_hirise,dinov3_sat_1cha,concat2,0.0001,98.28,Best Val Accuracy,mb-change_cls_hirise_dinov3_sat_1cha_lr0.0001_concat_2.log
mb-change_cls_hirise,dinov3_sat_1cha,concat3,0.0001,98.21,Best Val Accuracy,mb-change_cls_hirise_dinov3_sat_1cha_lr0.0001_concat_3.log
mb-change_cls_hirise,dinov3_sat_1cha,original,0.0001,98.13,Best Val Accuracy,mb-change_cls_hirise_dinov3_sat_1cha_lr0.0001_original.log
mb-change_cls_hirise,dinov3_sat_1cha,concat2,0.001,97.31,Best Val Accuracy,mb-change_cls_hirise_dinov3_sat_1cha_lr0.001_concat_2.log
mb-change_cls_hirise,dinov3_sat_1cha,concat3,0.001,97.16,Best Val Accuracy,mb-change_cls_hirise_dinov3_sat_1cha_lr0.001_concat_3.log
mb-change_cls_hirise,dinov3_sat_1cha,original,0.001,97.24,Best Val Accuracy,mb-change_cls_hirise_dinov3_sat_1cha_lr0.001_original.log
mb-change_cls_hirise,dinov3_sat_1cha,concat2,1e-05,96.12,Best Val Accuracy,mb-change_cls_hirise_dinov3_sat_1cha_lr1e-05_concat_2.log
mb-change_cls_hirise,dinov3_sat_1cha,concat3,1e-05,97.54,Best Val Accuracy,mb-change_cls_hirise_dinov3_sat_1cha_lr1e-05_concat_3.log
mb-change_cls_hirise,dinov3_sat_1cha,original,1e-05,96.72,Best Val Accuracy,mb-change_cls_hirise_dinov3_sat_1cha_lr1e-05_original.log
mb-change_cls_hirise,dinov3_sat,concat2,0.0001,98.43,Best Val Accuracy,mb-change_cls_hirise_dinov3_sat_lr0.0001_concat_2.log
mb-change_cls_hirise,dinov3_sat,concat3,0.0001,97.84,Best Val Accuracy,mb-change_cls_hirise_dinov3_sat_lr0.0001_concat_3.log
mb-change_cls_hirise,dinov3_sat,original,0.0001,98.51,Best Val Accuracy,mb-change_cls_hirise_dinov3_sat_lr0.0001_original.log
mb-change_cls_hirise,dinov3_sat,concat2,0.001,97.01,Best Val Accuracy,mb-change_cls_hirise_dinov3_sat_lr0.001_concat_2.log
mb-change_cls_hirise,dinov3_sat,concat3,0.001,95.9,Best Val Accuracy,mb-change_cls_hirise_dinov3_sat_lr0.001_concat_3.log
mb-change_cls_hirise,dinov3_sat,original,0.001,97.01,Best Val Accuracy,mb-change_cls_hirise_dinov3_sat_lr0.001_original.log
mb-change_cls_hirise,dinov3_sat,concat2,1e-05,97.54,Best Val Accuracy,mb-change_cls_hirise_dinov3_sat_lr1e-05_concat_2.log
mb-change_cls_hirise,dinov3_sat,concat3,1e-05,97.31,Best Val Accuracy,mb-change_cls_hirise_dinov3_sat_lr1e-05_concat_3.log
mb-change_cls_hirise,dinov3_sat,original,1e-05,96.72,Best Val Accuracy,mb-change_cls_hirise_dinov3_sat_lr1e-05_original.log
mb-change_cls_hirise,mars_mae,concat2,0.0001,96.64,Best Val Accuracy,mb-change_cls_hirise_mars_mae_lr0.0001_concat_2.log
mb-change_cls_hirise,mars_mae,concat3,0.0001,96.49,Best Val Accuracy,mb-change_cls_hirise_mars_mae_lr0.0001_concat_3.log
mb-change_cls_hirise,mars_mae,original,0.0001,96.42,Best Val Accuracy,mb-change_cls_hirise_mars_mae_lr0.0001_original.log
mb-change_cls_hirise,mars_mae,concat2,0.001,91.94,Best Val Accuracy,mb-change_cls_hirise_mars_mae_lr0.001_concat_2.log
mb-change_cls_hirise,mars_mae,concat3,0.001,91.94,Best Val Accuracy,mb-change_cls_hirise_mars_mae_lr0.001_concat_3.log
mb-change_cls_hirise,mars_mae,original,0.001,91.94,Best Val Accuracy,mb-change_cls_hirise_mars_mae_lr0.001_original.log
mb-change_cls_hirise,mars_mae,concat2,1e-05,95.37,Best Val Accuracy,mb-change_cls_hirise_mars_mae_lr1e-05_concat_2.log
mb-change_cls_hirise,mars_mae,concat3,1e-05,96.27,Best Val Accuracy,mb-change_cls_hirise_mars_mae_lr1e-05_concat_3.log
mb-change_cls_hirise,mars_mae,original,1e-05,97.09,Best Val Accuracy,mb-change_cls_hirise_mars_mae_lr1e-05_original.log
mb-change_cls_hirise,openclip,concat2,0.0001,97.61,Best Val Accuracy,mb-change_cls_hirise_openclip_lr0.0001_concat_2.log
mb-change_cls_hirise,openclip,concat3,0.0001,96.64,Best Val Accuracy,mb-change_cls_hirise_openclip_lr0.0001_concat_3.log
mb-change_cls_hirise,openclip,original,0.0001,97.39,Best Val Accuracy,mb-change_cls_hirise_openclip_lr0.0001_original.log
mb-change_cls_hirise,openclip,concat2,0.001,91.94,Best Val Accuracy,mb-change_cls_hirise_openclip_lr0.001_concat_2.log
mb-change_cls_hirise,openclip,concat3,0.001,91.94,Best Val Accuracy,mb-change_cls_hirise_openclip_lr0.001_concat_3.log
mb-change_cls_hirise,openclip,original,0.001,91.94,Best Val Accuracy,mb-change_cls_hirise_openclip_lr0.001_original.log
mb-change_cls_hirise,openclip,concat2,1e-05,97.09,Best Val Accuracy,mb-change_cls_hirise_openclip_lr1e-05_concat_2.log
mb-change_cls_hirise,openclip,concat3,1e-05,97.61,Best Val Accuracy,mb-change_cls_hirise_openclip_lr1e-05_concat_3.log
mb-change_cls_hirise,openclip,original,1e-05,96.19,Best Val Accuracy,mb-change_cls_hirise_openclip_lr1e-05_original.log
mb-change_cls_hirise,satmae,concat2,0.0001,96.57,Best Val Accuracy,mb-change_cls_hirise_satmae_lr0.0001_concat_2.log
mb-change_cls_hirise,satmae,concat3,0.0001,95.82,Best Val Accuracy,mb-change_cls_hirise_satmae_lr0.0001_concat_3.log
mb-change_cls_hirise,satmae,original,0.0001,96.49,Best Val Accuracy,mb-change_cls_hirise_satmae_lr0.0001_original.log
mb-change_cls_hirise,satmae,concat2,0.001,91.94,Best Val Accuracy,mb-change_cls_hirise_satmae_lr0.001_concat_2.log
mb-change_cls_hirise,satmae,concat3,0.001,91.94,Best Val Accuracy,mb-change_cls_hirise_satmae_lr0.001_concat_3.log
mb-change_cls_hirise,satmae,original,0.001,91.94,Best Val Accuracy,mb-change_cls_hirise_satmae_lr0.001_original.log
mb-change_cls_hirise,satmae,concat2,1e-05,96.87,Best Val Accuracy,mb-change_cls_hirise_satmae_lr1e-05_concat_2.log
mb-change_cls_hirise,satmae,concat3,1e-05,96.72,Best Val Accuracy,mb-change_cls_hirise_satmae_lr1e-05_concat_3.log
mb-change_cls_hirise,satmae,original,1e-05,97.09,Best Val Accuracy,mb-change_cls_hirise_satmae_lr1e-05_original.log
mb-change_cls_hirise,siglip2,concat2,0.0001,96.79,Best Val Accuracy,mb-change_cls_hirise_siglip2_lr0.0001_concat_2.log
mb-change_cls_hirise,siglip2,concat3,0.0001,97.24,Best Val Accuracy,mb-change_cls_hirise_siglip2_lr0.0001_concat_3.log
mb-change_cls_hirise,siglip2,original,0.0001,97.54,Best Val Accuracy,mb-change_cls_hirise_siglip2_lr0.0001_original.log
mb-change_cls_hirise,siglip2,concat2,0.001,91.94,Best Val Accuracy,mb-change_cls_hirise_siglip2_lr0.001_concat_2.log
mb-change_cls_hirise,siglip2,concat3,0.001,91.94,Best Val Accuracy,mb-change_cls_hirise_siglip2_lr0.001_concat_3.log
mb-change_cls_hirise,siglip2,original,0.001,91.94,Best Val Accuracy,mb-change_cls_hirise_siglip2_lr0.001_original.log
mb-change_cls_hirise,siglip2,concat2,1e-05,97.54,Best Val Accuracy,mb-change_cls_hirise_siglip2_lr1e-05_concat_2.log
mb-change_cls_hirise,siglip2,concat3,1e-05,96.42,Best Val Accuracy,mb-change_cls_hirise_siglip2_lr1e-05_concat_3.log
mb-change_cls_hirise,siglip2,original,1e-05,97.84,Best Val Accuracy,mb-change_cls_hirise_siglip2_lr1e-05_original.log
mb-change_cls_hirise,swin_v2,concat2,0.0001,97.24,Best Val Accuracy,mb-change_cls_hirise_swin_v2_lr0.0001_concat_2.log
mb-change_cls_hirise,swin_v2,concat3,0.0001,97.01,Best Val Accuracy,mb-change_cls_hirise_swin_v2_lr0.0001_concat_3.log
mb-change_cls_hirise,swin_v2,original,0.0001,97.31,Best Val Accuracy,mb-change_cls_hirise_swin_v2_lr0.0001_original.log
mb-change_cls_hirise,swin_v2,concat2,0.001,97.31,Best Val Accuracy,mb-change_cls_hirise_swin_v2_lr0.001_concat_2.log
mb-change_cls_hirise,swin_v2,concat3,0.001,96.34,Best Val Accuracy,mb-change_cls_hirise_swin_v2_lr0.001_concat_3.log
mb-change_cls_hirise,swin_v2,original,0.001,96.42,Best Val Accuracy,mb-change_cls_hirise_swin_v2_lr0.001_original.log
mb-change_cls_hirise,swin_v2,concat2,1e-05,95.3,Best Val Accuracy,mb-change_cls_hirise_swin_v2_lr1e-05_concat_2.log
mb-change_cls_hirise,swin_v2,concat3,1e-05,95.3,Best Val Accuracy,mb-change_cls_hirise_swin_v2_lr1e-05_concat_3.log
mb-change_cls_hirise,swin_v2,original,1e-05,95.97,Best Val Accuracy,mb-change_cls_hirise_swin_v2_lr1e-05_original.log
mb-change_cls_hirise,vit_l,concat2,0.0001,98.06,Best Val Accuracy,mb-change_cls_hirise_vit_l_lr0.0001_concat_2.log
mb-change_cls_hirise,vit_l,concat3,0.0001,97.61,Best Val Accuracy,mb-change_cls_hirise_vit_l_lr0.0001_concat_3.log
mb-change_cls_hirise,vit_l,original,0.0001,98.13,Best Val Accuracy,mb-change_cls_hirise_vit_l_lr0.0001_original.log
mb-change_cls_hirise,vit_l,concat2,0.001,96.27,Best Val Accuracy,mb-change_cls_hirise_vit_l_lr0.001_concat_2.log
mb-change_cls_hirise,vit_l,concat3,0.001,96.49,Best Val Accuracy,mb-change_cls_hirise_vit_l_lr0.001_concat_3.log
mb-change_cls_hirise,vit_l,original,0.001,95.22,Best Val Accuracy,mb-change_cls_hirise_vit_l_lr0.001_original.log
mb-change_cls_hirise,vit_l,concat2,1e-05,97.31,Best Val Accuracy,mb-change_cls_hirise_vit_l_lr1e-05_concat_2.log
mb-change_cls_hirise,vit_l,concat3,1e-05,97.16,Best Val Accuracy,mb-change_cls_hirise_vit_l_lr1e-05_concat_3.log
mb-change_cls_hirise,vit_l,original,1e-05,97.61,Best Val Accuracy,mb-change_cls_hirise_vit_l_lr1e-05_original.log
mb-domars16k,dinov1_b8,concat2,0.0001,93.8,Best Val Accuracy,mb-domars16k_dinov1_b8_lr0.0001_concat_2.log
mb-domars16k,dinov1_b8,concat3,0.0001,93.68,Best Val Accuracy,mb-domars16k_dinov1_b8_lr0.0001_concat_3.log
mb-domars16k,dinov1_b8,original,0.0001,93.18,Best Val Accuracy,mb-domars16k_dinov1_b8_lr0.0001_original.log
mb-domars16k,dinov1_b8,concat2,0.001,90.4,Best Val Accuracy,mb-domars16k_dinov1_b8_lr0.001_concat_2.log
mb-domars16k,dinov1_b8,concat3,0.001,91.08,Best Val Accuracy,mb-domars16k_dinov1_b8_lr0.001_concat_3.log
mb-domars16k,dinov1_b8,original,0.001,90.02,Best Val Accuracy,mb-domars16k_dinov1_b8_lr0.001_original.log
mb-domars16k,dinov1_b8,concat2,1e-05,92.44,Best Val Accuracy,mb-domars16k_dinov1_b8_lr1e-05_concat_2.log
mb-domars16k,dinov1_b8,concat3,1e-05,92.13,Best Val Accuracy,mb-domars16k_dinov1_b8_lr1e-05_concat_3.log
mb-domars16k,dinov1_b8,original,1e-05,92.07,Best Val Accuracy,mb-domars16k_dinov1_b8_lr1e-05_original.log
mb-domars16k,dinov2_l14,concat2,0.0001,93.99,Best Val Accuracy,mb-domars16k_dinov2_l14_lr0.0001_concat_2.log
mb-domars16k,dinov2_l14,concat3,0.0001,93.74,Best Val Accuracy,mb-domars16k_dinov2_l14_lr0.0001_concat_3.log
mb-domars16k,dinov2_l14,original,0.0001,93.62,Best Val Accuracy,mb-domars16k_dinov2_l14_lr0.0001_original.log
mb-domars16k,dinov2_l14,concat2,0.001,79.37,Best Val Accuracy,mb-domars16k_dinov2_l14_lr0.001_concat_2.log
mb-domars16k,dinov2_l14,concat3,0.001,86.56,Best Val Accuracy,mb-domars16k_dinov2_l14_lr0.001_concat_3.log
mb-domars16k,dinov2_l14,original,0.001,84.63,Best Val Accuracy,mb-domars16k_dinov2_l14_lr0.001_original.log
mb-domars16k,dinov2_l14,concat2,1e-05,93.25,Best Val Accuracy,mb-domars16k_dinov2_l14_lr1e-05_concat_2.log
mb-domars16k,dinov2_l14,concat3,1e-05,93.62,Best Val Accuracy,mb-domars16k_dinov2_l14_lr1e-05_concat_3.log
mb-domars16k,dinov2_l14,original,1e-05,94.18,Best Val Accuracy,mb-domars16k_dinov2_l14_lr1e-05_original.log
mb-domars16k,dinov3_lvd_1cha,concat2,0.0001,93.43,Best Val Accuracy,mb-domars16k_dinov3_lvd_1cha_lr0.0001_concat_2.log
mb-domars16k,dinov3_lvd_1cha,concat3,0.0001,94.42,Best Val Accuracy,mb-domars16k_dinov3_lvd_1cha_lr0.0001_concat_3.log
mb-domars16k,dinov3_lvd_1cha,original,0.0001,93.93,Best Val Accuracy,mb-domars16k_dinov3_lvd_1cha_lr0.0001_original.log
mb-domars16k,dinov3_lvd_1cha,concat2,0.001,93.68,Best Val Accuracy,mb-domars16k_dinov3_lvd_1cha_lr0.001_concat_2.log
mb-domars16k,dinov3_lvd_1cha,concat3,0.001,93.56,Best Val Accuracy,mb-domars16k_dinov3_lvd_1cha_lr0.001_concat_3.log
mb-domars16k,dinov3_lvd_1cha,original,0.001,94.05,Best Val Accuracy,mb-domars16k_dinov3_lvd_1cha_lr0.001_original.log
mb-domars16k,dinov3_lvd_1cha,concat2,1e-05,91.51,Best Val Accuracy,mb-domars16k_dinov3_lvd_1cha_lr1e-05_concat_2.log
mb-domars16k,dinov3_lvd_1cha,concat3,1e-05,92.07,Best Val Accuracy,mb-domars16k_dinov3_lvd_1cha_lr1e-05_concat_3.log
mb-domars16k,dinov3_lvd_1cha,original,1e-05,92.94,Best Val Accuracy,mb-domars16k_dinov3_lvd_1cha_lr1e-05_original.log
mb-domars16k,dinov3_lvd,concat2,0.0001,93.37,Best Val Accuracy,mb-domars16k_dinov3_lvd_lr0.0001_concat_2.log
mb-domars16k,dinov3_lvd,concat3,0.0001,92.87,Best Val Accuracy,mb-domars16k_dinov3_lvd_lr0.0001_concat_3.log
mb-domars16k,dinov3_lvd,original,0.0001,93.37,Best Val Accuracy,mb-domars16k_dinov3_lvd_lr0.0001_original.log
mb-domars16k,dinov3_lvd,concat2,0.001,93.8,Best Val Accuracy,mb-domars16k_dinov3_lvd_lr0.001_concat_2.log
mb-domars16k,dinov3_lvd,concat3,0.001,93.06,Best Val Accuracy,mb-domars16k_dinov3_lvd_lr0.001_concat_3.log
mb-domars16k,dinov3_lvd,original,0.001,92.87,Best Val Accuracy,mb-domars16k_dinov3_lvd_lr0.001_original.log
mb-domars16k,dinov3_lvd,concat2,1e-05,91.95,Best Val Accuracy,mb-domars16k_dinov3_lvd_lr1e-05_concat_2.log
mb-domars16k,dinov3_lvd,concat3,1e-05,91.57,Best Val Accuracy,mb-domars16k_dinov3_lvd_lr1e-05_concat_3.log
mb-domars16k,dinov3_lvd,original,1e-05,92.07,Best Val Accuracy,mb-domars16k_dinov3_lvd_lr1e-05_original.log
mb-domars16k,dinov3_sat_1cha,concat2,0.0001,93.74,Best Val Accuracy,mb-domars16k_dinov3_sat_1cha_lr0.0001_concat_2.log
mb-domars16k,dinov3_sat_1cha,concat3,0.0001,93.25,Best Val Accuracy,mb-domars16k_dinov3_sat_1cha_lr0.0001_concat_3.log
mb-domars16k,dinov3_sat_1cha,original,0.0001,93.87,Best Val Accuracy,mb-domars16k_dinov3_sat_1cha_lr0.0001_original.log
mb-domars16k,dinov3_sat_1cha,concat2,0.001,93.37,Best Val Accuracy,mb-domars16k_dinov3_sat_1cha_lr0.001_concat_2.log
mb-domars16k,dinov3_sat_1cha,concat3,0.001,93.99,Best Val Accuracy,mb-domars16k_dinov3_sat_1cha_lr0.001_concat_3.log
mb-domars16k,dinov3_sat_1cha,original,0.001,92.38,Best Val Accuracy,mb-domars16k_dinov3_sat_1cha_lr0.001_original.log
mb-domars16k,dinov3_sat_1cha,concat2,1e-05,91.45,Best Val Accuracy,mb-domars16k_dinov3_sat_1cha_lr1e-05_concat_2.log
mb-domars16k,dinov3_sat_1cha,concat3,1e-05,90.71,Best Val Accuracy,mb-domars16k_dinov3_sat_1cha_lr1e-05_concat_3.log
mb-domars16k,dinov3_sat_1cha,original,1e-05,90.15,Best Val Accuracy,mb-domars16k_dinov3_sat_1cha_lr1e-05_original.log
mb-domars16k,dinov3_sat,concat2,0.0001,93.68,Best Val Accuracy,mb-domars16k_dinov3_sat_lr0.0001_concat_2.log
mb-domars16k,dinov3_sat,concat3,0.0001,93.49,Best Val Accuracy,mb-domars16k_dinov3_sat_lr0.0001_concat_3.log
mb-domars16k,dinov3_sat,original,0.0001,93.99,Best Val Accuracy,mb-domars16k_dinov3_sat_lr0.0001_original.log
mb-domars16k,dinov3_sat,concat2,0.001,93.43,Best Val Accuracy,mb-domars16k_dinov3_sat_lr0.001_concat_2.log
mb-domars16k,dinov3_sat,concat3,0.001,94.18,Best Val Accuracy,mb-domars16k_dinov3_sat_lr0.001_concat_3.log
mb-domars16k,dinov3_sat,original,0.001,94.11,Best Val Accuracy,mb-domars16k_dinov3_sat_lr0.001_original.log
mb-domars16k,dinov3_sat,concat2,1e-05,90.83,Best Val Accuracy,mb-domars16k_dinov3_sat_lr1e-05_concat_2.log
mb-domars16k,dinov3_sat,concat3,1e-05,91.39,Best Val Accuracy,mb-domars16k_dinov3_sat_lr1e-05_concat_3.log
mb-domars16k,dinov3_sat,original,1e-05,91.02,Best Val Accuracy,mb-domars16k_dinov3_sat_lr1e-05_original.log
mb-domars16k,mars_mae,concat2,0.0001,93.12,Best Val Accuracy,mb-domars16k_mars_mae_lr0.0001_concat_2.log
mb-domars16k,mars_mae,concat3,0.0001,93.74,Best Val Accuracy,mb-domars16k_mars_mae_lr0.0001_concat_3.log
mb-domars16k,mars_mae,original,0.0001,93.18,Best Val Accuracy,mb-domars16k_mars_mae_lr0.0001_original.log
mb-domars16k,mars_mae,concat2,0.001,88.85,Best Val Accuracy,mb-domars16k_mars_mae_lr0.001_concat_2.log
mb-domars16k,mars_mae,concat3,0.001,89.53,Best Val Accuracy,mb-domars16k_mars_mae_lr0.001_concat_3.log
mb-domars16k,mars_mae,original,0.001,88.35,Best Val Accuracy,mb-domars16k_mars_mae_lr0.001_original.log
mb-domars16k,mars_mae,concat2,1e-05,90.58,Best Val Accuracy,mb-domars16k_mars_mae_lr1e-05_concat_2.log
mb-domars16k,mars_mae,concat3,1e-05,89.96,Best Val Accuracy,mb-domars16k_mars_mae_lr1e-05_concat_3.log
mb-domars16k,mars_mae,original,1e-05,90.09,Best Val Accuracy,mb-domars16k_mars_mae_lr1e-05_original.log
mb-domars16k,openclip,concat2,0.0001,93.93,Best Val Accuracy,mb-domars16k_openclip_lr0.0001_concat_2.log
mb-domars16k,openclip,concat3,0.0001,93.06,Best Val Accuracy,mb-domars16k_openclip_lr0.0001_concat_3.log
mb-domars16k,openclip,original,0.0001,93.31,Best Val Accuracy,mb-domars16k_openclip_lr0.0001_original.log
mb-domars16k,openclip,concat2,0.001,88.23,Best Val Accuracy,mb-domars16k_openclip_lr0.001_concat_2.log
mb-domars16k,openclip,concat3,0.001,88.1,Best Val Accuracy,mb-domars16k_openclip_lr0.001_concat_3.log
mb-domars16k,openclip,original,0.001,83.64,Best Val Accuracy,mb-domars16k_openclip_lr0.001_original.log
mb-domars16k,openclip,concat2,1e-05,93.49,Best Val Accuracy,mb-domars16k_openclip_lr1e-05_concat_2.log
mb-domars16k,openclip,concat3,1e-05,93.0,Best Val Accuracy,mb-domars16k_openclip_lr1e-05_concat_3.log
mb-domars16k,openclip,original,1e-05,93.18,Best Val Accuracy,mb-domars16k_openclip_lr1e-05_original.log
mb-domars16k,satmae,concat2,0.0001,88.6,Best Val Accuracy,mb-domars16k_satmae_lr0.0001_concat_2.log
mb-domars16k,satmae,concat3,0.0001,91.2,Best Val Accuracy,mb-domars16k_satmae_lr0.0001_concat_3.log
mb-domars16k,satmae,original,0.0001,91.76,Best Val Accuracy,mb-domars16k_satmae_lr0.0001_original.log
mb-domars16k,satmae,concat2,0.001,83.02,Best Val Accuracy,mb-domars16k_satmae_lr0.001_concat_2.log
mb-domars16k,satmae,concat3,0.001,84.82,Best Val Accuracy,mb-domars16k_satmae_lr0.001_concat_3.log
mb-domars16k,satmae,original,0.001,83.46,Best Val Accuracy,mb-domars16k_satmae_lr0.001_original.log
mb-domars16k,satmae,concat2,1e-05,89.9,Best Val Accuracy,mb-domars16k_satmae_lr1e-05_concat_2.log
mb-domars16k,satmae,concat3,1e-05,89.59,Best Val Accuracy,mb-domars16k_satmae_lr1e-05_concat_3.log
mb-domars16k,satmae,original,1e-05,89.84,Best Val Accuracy,mb-domars16k_satmae_lr1e-05_original.log
mb-domars16k,siglip2,concat2,0.0001,92.57,Best Val Accuracy,mb-domars16k_siglip2_lr0.0001_concat_2.log
mb-domars16k,siglip2,concat3,0.0001,93.25,Best Val Accuracy,mb-domars16k_siglip2_lr0.0001_concat_3.log
mb-domars16k,siglip2,original,0.0001,93.06,Best Val Accuracy,mb-domars16k_siglip2_lr0.0001_original.log
mb-domars16k,siglip2,concat2,0.001,84.51,Best Val Accuracy,mb-domars16k_siglip2_lr0.001_concat_2.log
mb-domars16k,siglip2,concat3,0.001,87.55,Best Val Accuracy,mb-domars16k_siglip2_lr0.001_concat_3.log
mb-domars16k,siglip2,original,0.001,81.66,Best Val Accuracy,mb-domars16k_siglip2_lr0.001_original.log
mb-domars16k,siglip2,concat2,1e-05,93.12,Best Val Accuracy,mb-domars16k_siglip2_lr1e-05_concat_2.log
mb-domars16k,siglip2,concat3,1e-05,93.31,Best Val Accuracy,mb-domars16k_siglip2_lr1e-05_concat_3.log
mb-domars16k,siglip2,original,1e-05,93.31,Best Val Accuracy,mb-domars16k_siglip2_lr1e-05_original.log
mb-domars16k,swin_v2,concat2,0.0001,92.87,Best Val Accuracy,mb-domars16k_swin_v2_lr0.0001_concat_2.log
mb-domars16k,swin_v2,concat3,0.0001,91.64,Best Val Accuracy,mb-domars16k_swin_v2_lr0.0001_concat_3.log
mb-domars16k,swin_v2,original,0.0001,92.75,Best Val Accuracy,mb-domars16k_swin_v2_lr0.0001_original.log
mb-domars16k,swin_v2,concat2,0.001,92.26,Best Val Accuracy,mb-domars16k_swin_v2_lr0.001_concat_2.log
mb-domars16k,swin_v2,concat3,0.001,92.75,Best Val Accuracy,mb-domars16k_swin_v2_lr0.001_concat_3.log
mb-domars16k,swin_v2,original,0.001,90.27,Best Val Accuracy,mb-domars16k_swin_v2_lr0.001_original.log
mb-domars16k,swin_v2,concat2,1e-05,87.42,Best Val Accuracy,mb-domars16k_swin_v2_lr1e-05_concat_2.log
mb-domars16k,swin_v2,concat3,1e-05,85.87,Best Val Accuracy,mb-domars16k_swin_v2_lr1e-05_concat_3.log
mb-domars16k,swin_v2,original,1e-05,86.06,Best Val Accuracy,mb-domars16k_swin_v2_lr1e-05_original.log
mb-domars16k,vit_l,concat2,0.0001,93.74,Best Val Accuracy,mb-domars16k_vit_l_lr0.0001_concat_2.log
mb-domars16k,vit_l,concat3,0.0001,93.06,Best Val Accuracy,mb-domars16k_vit_l_lr0.0001_concat_3.log
mb-domars16k,vit_l,original,0.0001,92.44,Best Val Accuracy,mb-domars16k_vit_l_lr0.0001_original.log
mb-domars16k,vit_l,concat2,0.001,90.95,Best Val Accuracy,mb-domars16k_vit_l_lr0.001_concat_2.log
mb-domars16k,vit_l,concat3,0.001,89.16,Best Val Accuracy,mb-domars16k_vit_l_lr0.001_concat_3.log
mb-domars16k,vit_l,original,0.001,89.9,Best Val Accuracy,mb-domars16k_vit_l_lr0.001_original.log
mb-domars16k,vit_l,concat2,1e-05,91.82,Best Val Accuracy,mb-domars16k_vit_l_lr1e-05_concat_2.log
mb-domars16k,vit_l,concat3,1e-05,91.76,Best Val Accuracy,mb-domars16k_vit_l_lr1e-05_concat_3.log
mb-domars16k,vit_l,original,1e-05,92.94,Best Val Accuracy,mb-domars16k_vit_l_lr1e-05_original.log
mb-frost_cls,dinov1_b8,concat2,0.0001,97.5,Best Val Accuracy,mb-frost_cls_dinov1_b8_lr0.0001_concat_2.log
mb-frost_cls,dinov1_b8,concat3,0.0001,99.44,Best Val Accuracy,mb-frost_cls_dinov1_b8_lr0.0001_concat_3.log
mb-frost_cls,dinov1_b8,original,0.0001,98.4,Best Val Accuracy,mb-frost_cls_dinov1_b8_lr0.0001_original.log
mb-frost_cls,dinov1_b8,concat2,0.001,97.91,Best Val Accuracy,mb-frost_cls_dinov1_b8_lr0.001_concat_2.log
mb-frost_cls,dinov1_b8,concat3,0.001,96.41,Best Val Accuracy,mb-frost_cls_dinov1_b8_lr0.001_concat_3.log
mb-frost_cls,dinov1_b8,original,0.001,98.81,Best Val Accuracy,mb-frost_cls_dinov1_b8_lr0.001_original.log
mb-frost_cls,dinov1_b8,concat2,1e-05,97.5,Best Val Accuracy,mb-frost_cls_dinov1_b8_lr1e-05_concat_2.log
mb-frost_cls,dinov1_b8,concat3,1e-05,98.24,Best Val Accuracy,mb-frost_cls_dinov1_b8_lr1e-05_concat_3.log
mb-frost_cls,dinov1_b8,original,1e-05,97.32,Best Val Accuracy,mb-frost_cls_dinov1_b8_lr1e-05_original.log
mb-frost_cls,dinov2_l14,concat2,0.0001,98.95,Best Val Accuracy,mb-frost_cls_dinov2_l14_lr0.0001_concat_2.log
mb-frost_cls,dinov2_l14,concat3,0.0001,97.77,Best Val Accuracy,mb-frost_cls_dinov2_l14_lr0.0001_concat_3.log
mb-frost_cls,dinov2_l14,original,0.0001,99.49,Best Val Accuracy,mb-frost_cls_dinov2_l14_lr0.0001_original.log
mb-frost_cls,dinov2_l14,concat2,0.001,94.51,Best Val Accuracy,mb-frost_cls_dinov2_l14_lr0.001_concat_2.log
mb-frost_cls,dinov2_l14,concat3,0.001,95.75,Best Val Accuracy,mb-frost_cls_dinov2_l14_lr0.001_concat_3.log
mb-frost_cls,dinov2_l14,original,0.001,94.18,Best Val Accuracy,mb-frost_cls_dinov2_l14_lr0.001_original.log
mb-frost_cls,dinov2_l14,concat2,1e-05,98.72,Best Val Accuracy,mb-frost_cls_dinov2_l14_lr1e-05_concat_2.log
mb-frost_cls,dinov2_l14,concat3,1e-05,99.15,Best Val Accuracy,mb-frost_cls_dinov2_l14_lr1e-05_concat_3.log
mb-frost_cls,dinov2_l14,original,1e-05,97.71,Best Val Accuracy,mb-frost_cls_dinov2_l14_lr1e-05_original.log
mb-frost_cls,dinov3_lvd_1cha,concat2,0.0001,99.49,Best Val Accuracy,mb-frost_cls_dinov3_lvd_1cha_lr0.0001_concat_2.log
mb-frost_cls,dinov3_lvd_1cha,concat3,0.0001,99.58,Best Val Accuracy,mb-frost_cls_dinov3_lvd_1cha_lr0.0001_concat_3.log
mb-frost_cls,dinov3_lvd_1cha,original,0.0001,99.67,Best Val Accuracy,mb-frost_cls_dinov3_lvd_1cha_lr0.0001_original.log
mb-frost_cls,dinov3_lvd_1cha,concat2,0.001,99.36,Best Val Accuracy,mb-frost_cls_dinov3_lvd_1cha_lr0.001_concat_2.log
mb-frost_cls,dinov3_lvd_1cha,concat3,0.001,99.53,Best Val Accuracy,mb-frost_cls_dinov3_lvd_1cha_lr0.001_concat_3.log
mb-frost_cls,dinov3_lvd_1cha,original,0.001,98.9,Best Val Accuracy,mb-frost_cls_dinov3_lvd_1cha_lr0.001_original.log
mb-frost_cls,dinov3_lvd_1cha,concat2,1e-05,97.79,Best Val Accuracy,mb-frost_cls_dinov3_lvd_1cha_lr1e-05_concat_2.log
mb-frost_cls,dinov3_lvd_1cha,concat3,1e-05,98.98,Best Val Accuracy,mb-frost_cls_dinov3_lvd_1cha_lr1e-05_concat_3.log
mb-frost_cls,dinov3_lvd_1cha,original,1e-05,98.42,Best Val Accuracy,mb-frost_cls_dinov3_lvd_1cha_lr1e-05_original.log
mb-frost_cls,dinov3_lvd,concat2,0.0001,99.43,Best Val Accuracy,mb-frost_cls_dinov3_lvd_lr0.0001_concat_2.log
mb-frost_cls,dinov3_lvd,concat3,0.0001,98.8,Best Val Accuracy,mb-frost_cls_dinov3_lvd_lr0.0001_concat_3.log
mb-frost_cls,dinov3_lvd,original,0.0001,98.84,Best Val Accuracy,mb-frost_cls_dinov3_lvd_lr0.0001_original.log
mb-frost_cls,dinov3_lvd,concat2,0.001,99.43,Best Val Accuracy,mb-frost_cls_dinov3_lvd_lr0.001_concat_2.log
mb-frost_cls,dinov3_lvd,concat3,0.001,98.48,Best Val Accuracy,mb-frost_cls_dinov3_lvd_lr0.001_concat_3.log
mb-frost_cls,dinov3_lvd,original,0.001,99.38,Best Val Accuracy,mb-frost_cls_dinov3_lvd_lr0.001_original.log
mb-frost_cls,dinov3_lvd,concat2,1e-05,98.58,Best Val Accuracy,mb-frost_cls_dinov3_lvd_lr1e-05_concat_2.log
mb-frost_cls,dinov3_lvd,concat3,1e-05,98.66,Best Val Accuracy,mb-frost_cls_dinov3_lvd_lr1e-05_concat_3.log
mb-frost_cls,dinov3_lvd,original,1e-05,98.68,Best Val Accuracy,mb-frost_cls_dinov3_lvd_lr1e-05_original.log
mb-frost_cls,dinov3_sat_1cha,concat2,0.0001,99.28,Best Val Accuracy,mb-frost_cls_dinov3_sat_1cha_lr0.0001_concat_2.log
mb-frost_cls,dinov3_sat_1cha,concat3,0.0001,99.49,Best Val Accuracy,mb-frost_cls_dinov3_sat_1cha_lr0.0001_concat_3.log
mb-frost_cls,dinov3_sat_1cha,original,0.0001,99.36,Best Val Accuracy,mb-frost_cls_dinov3_sat_1cha_lr0.0001_original.log
mb-frost_cls,dinov3_sat_1cha,concat2,0.001,99.32,Best Val Accuracy,mb-frost_cls_dinov3_sat_1cha_lr0.001_concat_2.log
mb-frost_cls,dinov3_sat_1cha,concat3,0.001,99.48,Best Val Accuracy,mb-frost_cls_dinov3_sat_1cha_lr0.001_concat_3.log
mb-frost_cls,dinov3_sat_1cha,original,0.001,99.44,Best Val Accuracy,mb-frost_cls_dinov3_sat_1cha_lr0.001_original.log
mb-frost_cls,dinov3_sat_1cha,concat2,1e-05,98.88,Best Val Accuracy,mb-frost_cls_dinov3_sat_1cha_lr1e-05_concat_2.log
mb-frost_cls,dinov3_sat_1cha,concat3,1e-05,99.04,Best Val Accuracy,mb-frost_cls_dinov3_sat_1cha_lr1e-05_concat_3.log
mb-frost_cls,dinov3_sat_1cha,original,1e-05,99.68,Best Val Accuracy,mb-frost_cls_dinov3_sat_1cha_lr1e-05_original.log
mb-frost_cls,dinov3_sat,concat2,0.0001,99.33,Best Val Accuracy,mb-frost_cls_dinov3_sat_lr0.0001_concat_2.log
mb-frost_cls,dinov3_sat,concat3,0.0001,99.46,Best Val Accuracy,mb-frost_cls_dinov3_sat_lr0.0001_concat_3.log
mb-frost_cls,dinov3_sat,original,0.0001,99.47,Best Val Accuracy,mb-frost_cls_dinov3_sat_lr0.0001_original.log
mb-frost_cls,dinov3_sat,concat2,0.001,99.46,Best Val Accuracy,mb-frost_cls_dinov3_sat_lr0.001_concat_2.log
mb-frost_cls,dinov3_sat,concat3,0.001,99.7,Best Val Accuracy,mb-frost_cls_dinov3_sat_lr0.001_concat_3.log
mb-frost_cls,dinov3_sat,original,0.001,99.0,Best Val Accuracy,mb-frost_cls_dinov3_sat_lr0.001_original.log
mb-frost_cls,dinov3_sat,concat2,1e-05,99.43,Best Val Accuracy,mb-frost_cls_dinov3_sat_lr1e-05_concat_2.log
mb-frost_cls,dinov3_sat,concat3,1e-05,99.11,Best Val Accuracy,mb-frost_cls_dinov3_sat_lr1e-05_concat_3.log
mb-frost_cls,dinov3_sat,original,1e-05,99.06,Best Val Accuracy,mb-frost_cls_dinov3_sat_lr1e-05_original.log
mb-frost_cls,mars_mae,concat2,0.0001,97.8,Best Val Accuracy,mb-frost_cls_mars_mae_lr0.0001_concat_2.log
mb-frost_cls,mars_mae,concat3,0.0001,97.72,Best Val Accuracy,mb-frost_cls_mars_mae_lr0.0001_concat_3.log
mb-frost_cls,mars_mae,original,0.0001,98.87,Best Val Accuracy,mb-frost_cls_mars_mae_lr0.0001_original.log
mb-frost_cls,mars_mae,concat2,0.001,95.47,Best Val Accuracy,mb-frost_cls_mars_mae_lr0.001_concat_2.log
mb-frost_cls,mars_mae,concat3,0.001,96.25,Best Val Accuracy,mb-frost_cls_mars_mae_lr0.001_concat_3.log
mb-frost_cls,mars_mae,original,0.001,96.06,Best Val Accuracy,mb-frost_cls_mars_mae_lr0.001_original.log
mb-frost_cls,mars_mae,concat2,1e-05,97.59,Best Val Accuracy,mb-frost_cls_mars_mae_lr1e-05_concat_2.log
mb-frost_cls,mars_mae,concat3,1e-05,97.61,Best Val Accuracy,mb-frost_cls_mars_mae_lr1e-05_concat_3.log
mb-frost_cls,mars_mae,original,1e-05,97.38,Best Val Accuracy,mb-frost_cls_mars_mae_lr1e-05_original.log
mb-frost_cls,openclip,concat2,0.0001,97.99,Best Val Accuracy,mb-frost_cls_openclip_lr0.0001_concat_2.log
mb-frost_cls,openclip,concat3,0.0001,98.51,Best Val Accuracy,mb-frost_cls_openclip_lr0.0001_concat_3.log
mb-frost_cls,openclip,original,0.0001,98.75,Best Val Accuracy,mb-frost_cls_openclip_lr0.0001_original.log
mb-frost_cls,openclip,concat2,0.001,95.98,Best Val Accuracy,mb-frost_cls_openclip_lr0.001_concat_2.log
mb-frost_cls,openclip,concat3,0.001,95.78,Best Val Accuracy,mb-frost_cls_openclip_lr0.001_concat_3.log
mb-frost_cls,openclip,original,0.001,95.59,Best Val Accuracy,mb-frost_cls_openclip_lr0.001_original.log
mb-frost_cls,openclip,concat2,1e-05,97.28,Best Val Accuracy,mb-frost_cls_openclip_lr1e-05_concat_2.log
mb-frost_cls,openclip,concat3,1e-05,98.31,Best Val Accuracy,mb-frost_cls_openclip_lr1e-05_concat_3.log
mb-frost_cls,openclip,original,1e-05,97.39,Best Val Accuracy,mb-frost_cls_openclip_lr1e-05_original.log
mb-frost_cls,satmae,concat2,0.0001,96.8,Best Val Accuracy,mb-frost_cls_satmae_lr0.0001_concat_2.log
mb-frost_cls,satmae,concat3,0.0001,96.86,Best Val Accuracy,mb-frost_cls_satmae_lr0.0001_concat_3.log
mb-frost_cls,satmae,original,0.0001,97.0,Best Val Accuracy,mb-frost_cls_satmae_lr0.0001_original.log
mb-frost_cls,satmae,concat2,0.001,85.64,Best Val Accuracy,mb-frost_cls_satmae_lr0.001_concat_2.log
mb-frost_cls,satmae,concat3,0.001,94.89,Best Val Accuracy,mb-frost_cls_satmae_lr0.001_concat_3.log
mb-frost_cls,satmae,original,0.001,91.71,Best Val Accuracy,mb-frost_cls_satmae_lr0.001_original.log
mb-frost_cls,satmae,concat2,1e-05,96.57,Best Val Accuracy,mb-frost_cls_satmae_lr1e-05_concat_2.log
mb-frost_cls,satmae,concat3,1e-05,96.42,Best Val Accuracy,mb-frost_cls_satmae_lr1e-05_concat_3.log
mb-frost_cls,satmae,original,1e-05,96.33,Best Val Accuracy,mb-frost_cls_satmae_lr1e-05_original.log
mb-frost_cls,siglip2,concat2,0.0001,97.74,Best Val Accuracy,mb-frost_cls_siglip2_lr0.0001_concat_2.log
mb-frost_cls,siglip2,concat3,0.0001,98.46,Best Val Accuracy,mb-frost_cls_siglip2_lr0.0001_concat_3.log
mb-frost_cls,siglip2,original,0.0001,97.68,Best Val Accuracy,mb-frost_cls_siglip2_lr0.0001_original.log
mb-frost_cls,siglip2,concat2,0.001,95.58,Best Val Accuracy,mb-frost_cls_siglip2_lr0.001_concat_2.log
mb-frost_cls,siglip2,concat3,0.001,96.2,Best Val Accuracy,mb-frost_cls_siglip2_lr0.001_concat_3.log
mb-frost_cls,siglip2,original,0.001,91.43,Best Val Accuracy,mb-frost_cls_siglip2_lr0.001_original.log
mb-frost_cls,siglip2,concat2,1e-05,97.97,Best Val Accuracy,mb-frost_cls_siglip2_lr1e-05_concat_2.log
mb-frost_cls,siglip2,concat3,1e-05,99.4,Best Val Accuracy,mb-frost_cls_siglip2_lr1e-05_concat_3.log
mb-frost_cls,siglip2,original,1e-05,98.55,Best Val Accuracy,mb-frost_cls_siglip2_lr1e-05_original.log
mb-frost_cls,swin_v2,concat2,0.0001,97.58,Best Val Accuracy,mb-frost_cls_swin_v2_lr0.0001_concat_2.log
mb-frost_cls,swin_v2,concat3,0.0001,99.05,Best Val Accuracy,mb-frost_cls_swin_v2_lr0.0001_concat_3.log
mb-frost_cls,swin_v2,original,0.0001,97.43,Best Val Accuracy,mb-frost_cls_swin_v2_lr0.0001_original.log
mb-frost_cls,swin_v2,concat2,0.001,99.0,Best Val Accuracy,mb-frost_cls_swin_v2_lr0.001_concat_2.log
mb-frost_cls,swin_v2,concat3,0.001,97.48,Best Val Accuracy,mb-frost_cls_swin_v2_lr0.001_concat_3.log
mb-frost_cls,swin_v2,original,0.001,98.55,Best Val Accuracy,mb-frost_cls_swin_v2_lr0.001_original.log
mb-frost_cls,swin_v2,concat2,1e-05,97.56,Best Val Accuracy,mb-frost_cls_swin_v2_lr1e-05_concat_2.log
mb-frost_cls,swin_v2,concat3,1e-05,98.47,Best Val Accuracy,mb-frost_cls_swin_v2_lr1e-05_concat_3.log
mb-frost_cls,swin_v2,original,1e-05,97.71,Best Val Accuracy,mb-frost_cls_swin_v2_lr1e-05_original.log
mb-frost_cls,vit_l,concat2,0.0001,96.99,Best Val Accuracy,mb-frost_cls_vit_l_lr0.0001_concat_2.log
mb-frost_cls,vit_l,concat3,0.0001,97.49,Best Val Accuracy,mb-frost_cls_vit_l_lr0.0001_concat_3.log
mb-frost_cls,vit_l,original,0.0001,97.07,Best Val Accuracy,mb-frost_cls_vit_l_lr0.0001_original.log
mb-frost_cls,vit_l,concat2,0.001,96.91,Best Val Accuracy,mb-frost_cls_vit_l_lr0.001_concat_2.log
mb-frost_cls,vit_l,concat3,0.001,96.34,Best Val Accuracy,mb-frost_cls_vit_l_lr0.001_concat_3.log
mb-frost_cls,vit_l,original,0.001,96.55,Best Val Accuracy,mb-frost_cls_vit_l_lr0.001_original.log
mb-frost_cls,vit_l,concat2,1e-05,96.6,Best Val Accuracy,mb-frost_cls_vit_l_lr1e-05_concat_2.log
mb-frost_cls,vit_l,concat3,1e-05,96.89,Best Val Accuracy,mb-frost_cls_vit_l_lr1e-05_concat_3.log
mb-frost_cls,vit_l,original,1e-05,96.76,Best Val Accuracy,mb-frost_cls_vit_l_lr1e-05_original.log
mb-landmark_cls,dinov1_b8,concat2,0.0001,93.31,Best Val Accuracy,mb-landmark_cls_dinov1_b8_lr0.0001_concat_2.log
mb-landmark_cls,dinov1_b8,concat3,0.0001,93.7,Best Val Accuracy,mb-landmark_cls_dinov1_b8_lr0.0001_concat_3.log
mb-landmark_cls,dinov1_b8,original,0.0001,93.31,Best Val Accuracy,mb-landmark_cls_dinov1_b8_lr0.0001_original.log
mb-landmark_cls,dinov1_b8,concat2,0.001,91.3,Best Val Accuracy,mb-landmark_cls_dinov1_b8_lr0.001_concat_2.log
mb-landmark_cls,dinov1_b8,concat3,0.001,91.63,Best Val Accuracy,mb-landmark_cls_dinov1_b8_lr0.001_concat_3.log
mb-landmark_cls,dinov1_b8,original,0.001,90.74,Best Val Accuracy,mb-landmark_cls_dinov1_b8_lr0.001_original.log
mb-landmark_cls,dinov1_b8,concat2,1e-05,93.81,Best Val Accuracy,mb-landmark_cls_dinov1_b8_lr1e-05_concat_2.log
mb-landmark_cls,dinov1_b8,concat3,1e-05,92.86,Best Val Accuracy,mb-landmark_cls_dinov1_b8_lr1e-05_concat_3.log
mb-landmark_cls,dinov1_b8,original,1e-05,92.19,Best Val Accuracy,mb-landmark_cls_dinov1_b8_lr1e-05_original.log
mb-landmark_cls,dinov2_l14,concat2,0.0001,94.26,Best Val Accuracy,mb-landmark_cls_dinov2_l14_lr0.0001_concat_2.log
mb-landmark_cls,dinov2_l14,concat3,0.0001,94.53,Best Val Accuracy,mb-landmark_cls_dinov2_l14_lr0.0001_concat_3.log
mb-landmark_cls,dinov2_l14,original,0.0001,93.75,Best Val Accuracy,mb-landmark_cls_dinov2_l14_lr0.0001_original.log
mb-landmark_cls,dinov2_l14,concat2,0.001,82.65,Best Val Accuracy,mb-landmark_cls_dinov2_l14_lr0.001_concat_2.log
mb-landmark_cls,dinov2_l14,concat3,0.001,82.65,Best Val Accuracy,mb-landmark_cls_dinov2_l14_lr0.001_concat_3.log
mb-landmark_cls,dinov2_l14,original,0.001,83.16,Best Val Accuracy,mb-landmark_cls_dinov2_l14_lr0.001_original.log
mb-landmark_cls,dinov2_l14,concat2,1e-05,93.98,Best Val Accuracy,mb-landmark_cls_dinov2_l14_lr1e-05_concat_2.log
mb-landmark_cls,dinov2_l14,concat3,1e-05,94.92,Best Val Accuracy,mb-landmark_cls_dinov2_l14_lr1e-05_concat_3.log
mb-landmark_cls,dinov2_l14,original,1e-05,94.42,Best Val Accuracy,mb-landmark_cls_dinov2_l14_lr1e-05_original.log
mb-landmark_cls,dinov3_lvd_1cha,concat2,0.0001,94.42,Best Val Accuracy,mb-landmark_cls_dinov3_lvd_1cha_lr0.0001_concat_2.log
mb-landmark_cls,dinov3_lvd_1cha,concat3,0.0001,93.2,Best Val Accuracy,mb-landmark_cls_dinov3_lvd_1cha_lr0.0001_concat_3.log
mb-landmark_cls,dinov3_lvd_1cha,original,0.0001,94.37,Best Val Accuracy,mb-landmark_cls_dinov3_lvd_1cha_lr0.0001_original.log
mb-landmark_cls,dinov3_lvd_1cha,concat2,0.001,93.64,Best Val Accuracy,mb-landmark_cls_dinov3_lvd_1cha_lr0.001_concat_2.log
mb-landmark_cls,dinov3_lvd_1cha,concat3,0.001,93.53,Best Val Accuracy,mb-landmark_cls_dinov3_lvd_1cha_lr0.001_concat_3.log
mb-landmark_cls,dinov3_lvd_1cha,original,0.001,94.26,Best Val Accuracy,mb-landmark_cls_dinov3_lvd_1cha_lr0.001_original.log
mb-landmark_cls,dinov3_lvd_1cha,concat2,1e-05,93.59,Best Val Accuracy,mb-landmark_cls_dinov3_lvd_1cha_lr1e-05_concat_2.log
mb-landmark_cls,dinov3_lvd_1cha,concat3,1e-05,94.48,Best Val Accuracy,mb-landmark_cls_dinov3_lvd_1cha_lr1e-05_concat_3.log
mb-landmark_cls,dinov3_lvd_1cha,original,1e-05,93.59,Best Val Accuracy,mb-landmark_cls_dinov3_lvd_1cha_lr1e-05_original.log
mb-landmark_cls,dinov3_lvd,concat2,0.0001,93.92,Best Val Accuracy,mb-landmark_cls_dinov3_lvd_lr0.0001_concat_2.log
mb-landmark_cls,dinov3_lvd,concat3,0.0001,94.76,Best Val Accuracy,mb-landmark_cls_dinov3_lvd_lr0.0001_concat_3.log
mb-landmark_cls,dinov3_lvd,original,0.0001,94.37,Best Val Accuracy,mb-landmark_cls_dinov3_lvd_lr0.0001_original.log
mb-landmark_cls,dinov3_lvd,concat2,0.001,92.47,Best Val Accuracy,mb-landmark_cls_dinov3_lvd_lr0.001_concat_2.log
mb-landmark_cls,dinov3_lvd,concat3,0.001,92.41,Best Val Accuracy,mb-landmark_cls_dinov3_lvd_lr0.001_concat_3.log
mb-landmark_cls,dinov3_lvd,original,0.001,92.97,Best Val Accuracy,mb-landmark_cls_dinov3_lvd_lr0.001_original.log
mb-landmark_cls,dinov3_lvd,concat2,1e-05,94.7,Best Val Accuracy,mb-landmark_cls_dinov3_lvd_lr1e-05_concat_2.log
mb-landmark_cls,dinov3_lvd,concat3,1e-05,93.14,Best Val Accuracy,mb-landmark_cls_dinov3_lvd_lr1e-05_concat_3.log
mb-landmark_cls,dinov3_lvd,original,1e-05,93.59,Best Val Accuracy,mb-landmark_cls_dinov3_lvd_lr1e-05_original.log
mb-landmark_cls,dinov3_sat_1cha,concat2,0.0001,92.97,Best Val Accuracy,mb-landmark_cls_dinov3_sat_1cha_lr0.0001_concat_2.log
mb-landmark_cls,dinov3_sat_1cha,concat3,0.0001,93.03,Best Val Accuracy,mb-landmark_cls_dinov3_sat_1cha_lr0.0001_concat_3.log
mb-landmark_cls,dinov3_sat_1cha,original,0.0001,92.3,Best Val Accuracy,mb-landmark_cls_dinov3_sat_1cha_lr0.0001_original.log
mb-landmark_cls,dinov3_sat_1cha,concat2,0.001,94.42,Best Val Accuracy,mb-landmark_cls_dinov3_sat_1cha_lr0.001_concat_2.log
mb-landmark_cls,dinov3_sat_1cha,concat3,0.001,93.64,Best Val Accuracy,mb-landmark_cls_dinov3_sat_1cha_lr0.001_concat_3.log
mb-landmark_cls,dinov3_sat_1cha,original,0.001,93.2,Best Val Accuracy,mb-landmark_cls_dinov3_sat_1cha_lr0.001_original.log
mb-landmark_cls,dinov3_sat_1cha,concat2,1e-05,91.97,Best Val Accuracy,mb-landmark_cls_dinov3_sat_1cha_lr1e-05_concat_2.log
mb-landmark_cls,dinov3_sat_1cha,concat3,1e-05,92.36,Best Val Accuracy,mb-landmark_cls_dinov3_sat_1cha_lr1e-05_concat_3.log
mb-landmark_cls,dinov3_sat_1cha,original,1e-05,82.65,Best Val Accuracy,mb-landmark_cls_dinov3_sat_1cha_lr1e-05_original.log
mb-landmark_cls,dinov3_sat,concat2,0.0001,92.81,Best Val Accuracy,mb-landmark_cls_dinov3_sat_lr0.0001_concat_2.log
mb-landmark_cls,dinov3_sat,concat3,0.0001,93.14,Best Val Accuracy,mb-landmark_cls_dinov3_sat_lr0.0001_concat_3.log
mb-landmark_cls,dinov3_sat,original,0.0001,93.59,Best Val Accuracy,mb-landmark_cls_dinov3_sat_lr0.0001_original.log
mb-landmark_cls,dinov3_sat,concat2,0.001,93.2,Best Val Accuracy,mb-landmark_cls_dinov3_sat_lr0.001_concat_2.log
mb-landmark_cls,dinov3_sat,concat3,0.001,93.08,Best Val Accuracy,mb-landmark_cls_dinov3_sat_lr0.001_concat_3.log
mb-landmark_cls,dinov3_sat,original,0.001,92.69,Best Val Accuracy,mb-landmark_cls_dinov3_sat_lr0.001_original.log
mb-landmark_cls,dinov3_sat,concat2,1e-05,91.8,Best Val Accuracy,mb-landmark_cls_dinov3_sat_lr1e-05_concat_2.log
mb-landmark_cls,dinov3_sat,concat3,1e-05,92.14,Best Val Accuracy,mb-landmark_cls_dinov3_sat_lr1e-05_concat_3.log
mb-landmark_cls,dinov3_sat,original,1e-05,91.36,Best Val Accuracy,mb-landmark_cls_dinov3_sat_lr1e-05_original.log
mb-landmark_cls,mars_mae,concat2,0.0001,91.02,Best Val Accuracy,mb-landmark_cls_mars_mae_lr0.0001_concat_2.log
mb-landmark_cls,mars_mae,concat3,0.0001,91.19,Best Val Accuracy,mb-landmark_cls_mars_mae_lr0.0001_concat_3.log
mb-landmark_cls,mars_mae,original,0.0001,91.8,Best Val Accuracy,mb-landmark_cls_mars_mae_lr0.0001_original.log
mb-landmark_cls,mars_mae,concat2,0.001,89.46,Best Val Accuracy,mb-landmark_cls_mars_mae_lr0.001_concat_2.log
mb-landmark_cls,mars_mae,concat3,0.001,88.06,Best Val Accuracy,mb-landmark_cls_mars_mae_lr0.001_concat_3.log
mb-landmark_cls,mars_mae,original,0.001,90.24,Best Val Accuracy,mb-landmark_cls_mars_mae_lr0.001_original.log
mb-landmark_cls,mars_mae,concat2,1e-05,91.41,Best Val Accuracy,mb-landmark_cls_mars_mae_lr1e-05_concat_2.log
mb-landmark_cls,mars_mae,concat3,1e-05,90.8,Best Val Accuracy,mb-landmark_cls_mars_mae_lr1e-05_concat_3.log
mb-landmark_cls,mars_mae,original,1e-05,91.52,Best Val Accuracy,mb-landmark_cls_mars_mae_lr1e-05_original.log
mb-landmark_cls,openclip,concat2,0.0001,93.81,Best Val Accuracy,mb-landmark_cls_openclip_lr0.0001_concat_2.log
mb-landmark_cls,openclip,concat3,0.0001,93.47,Best Val Accuracy,mb-landmark_cls_openclip_lr0.0001_concat_3.log
mb-landmark_cls,openclip,original,0.0001,93.92,Best Val Accuracy,mb-landmark_cls_openclip_lr0.0001_original.log
mb-landmark_cls,openclip,concat2,0.001,88.9,Best Val Accuracy,mb-landmark_cls_openclip_lr0.001_concat_2.log
mb-landmark_cls,openclip,concat3,0.001,89.51,Best Val Accuracy,mb-landmark_cls_openclip_lr0.001_concat_3.log
mb-landmark_cls,openclip,original,0.001,87.95,Best Val Accuracy,mb-landmark_cls_openclip_lr0.001_original.log
mb-landmark_cls,openclip,concat2,1e-05,93.2,Best Val Accuracy,mb-landmark_cls_openclip_lr1e-05_concat_2.log
mb-landmark_cls,openclip,concat3,1e-05,94.26,Best Val Accuracy,mb-landmark_cls_openclip_lr1e-05_concat_3.log
mb-landmark_cls,openclip,original,1e-05,93.42,Best Val Accuracy,mb-landmark_cls_openclip_lr1e-05_original.log
mb-landmark_cls,satmae,concat2,0.0001,91.69,Best Val Accuracy,mb-landmark_cls_satmae_lr0.0001_concat_2.log
mb-landmark_cls,satmae,concat3,0.0001,92.36,Best Val Accuracy,mb-landmark_cls_satmae_lr0.0001_concat_3.log
mb-landmark_cls,satmae,original,0.0001,92.25,Best Val Accuracy,mb-landmark_cls_satmae_lr0.0001_original.log
mb-landmark_cls,satmae,concat2,0.001,83.16,Best Val Accuracy,mb-landmark_cls_satmae_lr0.001_concat_2.log
mb-landmark_cls,satmae,concat3,0.001,84.05,Best Val Accuracy,mb-landmark_cls_satmae_lr0.001_concat_3.log
mb-landmark_cls,satmae,original,0.001,82.99,Best Val Accuracy,mb-landmark_cls_satmae_lr0.001_original.log
mb-landmark_cls,satmae,concat2,1e-05,91.69,Best Val Accuracy,mb-landmark_cls_satmae_lr1e-05_concat_2.log
mb-landmark_cls,satmae,concat3,1e-05,90.96,Best Val Accuracy,mb-landmark_cls_satmae_lr1e-05_concat_3.log
mb-landmark_cls,satmae,original,1e-05,91.91,Best Val Accuracy,mb-landmark_cls_satmae_lr1e-05_original.log
mb-landmark_cls,siglip2,concat2,0.0001,92.92,Best Val Accuracy,mb-landmark_cls_siglip2_lr0.0001_concat_2.log
mb-landmark_cls,siglip2,concat3,0.0001,92.97,Best Val Accuracy,mb-landmark_cls_siglip2_lr0.0001_concat_3.log
mb-landmark_cls,siglip2,original,0.0001,93.14,Best Val Accuracy,mb-landmark_cls_siglip2_lr0.0001_original.log
mb-landmark_cls,siglip2,concat2,0.001,89.24,Best Val Accuracy,mb-landmark_cls_siglip2_lr0.001_concat_2.log
mb-landmark_cls,siglip2,concat3,0.001,89.96,Best Val Accuracy,mb-landmark_cls_siglip2_lr0.001_concat_3.log
mb-landmark_cls,siglip2,original,0.001,82.65,Best Val Accuracy,mb-landmark_cls_siglip2_lr0.001_original.log
mb-landmark_cls,siglip2,concat2,1e-05,93.87,Best Val Accuracy,mb-landmark_cls_siglip2_lr1e-05_concat_2.log
mb-landmark_cls,siglip2,concat3,1e-05,93.75,Best Val Accuracy,mb-landmark_cls_siglip2_lr1e-05_concat_3.log
mb-landmark_cls,siglip2,original,1e-05,93.36,Best Val Accuracy,mb-landmark_cls_siglip2_lr1e-05_original.log
mb-landmark_cls,swin_v2,concat2,0.0001,93.08,Best Val Accuracy,mb-landmark_cls_swin_v2_lr0.0001_concat_2.log
mb-landmark_cls,swin_v2,concat3,0.0001,92.86,Best Val Accuracy,mb-landmark_cls_swin_v2_lr0.0001_concat_3.log
mb-landmark_cls,swin_v2,original,0.0001,92.97,Best Val Accuracy,mb-landmark_cls_swin_v2_lr0.0001_original.log
mb-landmark_cls,swin_v2,concat2,0.001,92.86,Best Val Accuracy,mb-landmark_cls_swin_v2_lr0.001_concat_2.log
mb-landmark_cls,swin_v2,concat3,0.001,93.2,Best Val Accuracy,mb-landmark_cls_swin_v2_lr0.001_concat_3.log
mb-landmark_cls,swin_v2,original,0.001,93.14,Best Val Accuracy,mb-landmark_cls_swin_v2_lr0.001_original.log
mb-landmark_cls,swin_v2,concat2,1e-05,91.86,Best Val Accuracy,mb-landmark_cls_swin_v2_lr1e-05_concat_2.log
mb-landmark_cls,swin_v2,concat3,1e-05,92.41,Best Val Accuracy,mb-landmark_cls_swin_v2_lr1e-05_concat_3.log
mb-landmark_cls,swin_v2,original,1e-05,92.02,Best Val Accuracy,mb-landmark_cls_swin_v2_lr1e-05_original.log
mb-landmark_cls,vit_l,concat2,0.0001,92.64,Best Val Accuracy,mb-landmark_cls_vit_l_lr0.0001_concat_2.log
mb-landmark_cls,vit_l,concat3,0.0001,92.47,Best Val Accuracy,mb-landmark_cls_vit_l_lr0.0001_concat_3.log
mb-landmark_cls,vit_l,original,0.0001,92.92,Best Val Accuracy,mb-landmark_cls_vit_l_lr0.0001_original.log
mb-landmark_cls,vit_l,concat2,0.001,91.75,Best Val Accuracy,mb-landmark_cls_vit_l_lr0.001_concat_2.log
mb-landmark_cls,vit_l,concat3,0.001,91.91,Best Val Accuracy,mb-landmark_cls_vit_l_lr0.001_concat_3.log
mb-landmark_cls,vit_l,original,0.001,91.24,Best Val Accuracy,mb-landmark_cls_vit_l_lr0.001_original.log
mb-landmark_cls,vit_l,concat2,1e-05,92.36,Best Val Accuracy,mb-landmark_cls_vit_l_lr1e-05_concat_2.log
mb-landmark_cls,vit_l,concat3,1e-05,92.25,Best Val Accuracy,mb-landmark_cls_vit_l_lr1e-05_concat_3.log
mb-landmark_cls,vit_l,original,1e-05,92.53,Best Val Accuracy,mb-landmark_cls_vit_l_lr1e-05_original.log
